"","colony_id","Light_Value","micromol.L.s","grouping.id","Species","Run","Chamber.Vol.L","Temp.Cat"
"1","BK-1","0",-0.000488585434173625,"BK-1-0","Blank",1,358,18
"2","BK-1","1048",-0.000575247035573138,"BK-1-1048","Blank",1,358,18
"3","BK-1","1192",-0.000410423116615122,"BK-1-1192","Blank",1,358,18
"4","BK-1","121",-0.000691318681318959,"BK-1-121","Blank",1,358,18
"5","BK-1","1378",-0.000374338153503816,"BK-1-1378","Blank",1,358,18
"6","BK-1","1409",-0.0012593939393941,"BK-1-1409","Blank",1,358,18
"7","BK-1","315",-0.000593629032258195,"BK-1-315","Blank",1,358,18
"8","BK-1","34",0.000115021770682206,"BK-1-34","Blank",1,358,18
"9","BK-1","492",-0.000321500000000082,"BK-1-492","Blank",1,358,18
"10","BK-1","638",0.00018699248120317,"BK-1-638","Blank",1,358,18
"11","BK-1","948",0.00031445521390362,"BK-1-948","Blank",1,358,18
"12","BK-10","0",-0.00503124999999967,"BK-10-0","Blank",5,372,40
"13","BK-10","1048",-0.00199293478260882,"BK-10-1048","Blank",5,372,40
"14","BK-10","1192",-0.000763675213675205,"BK-10-1192","Blank",5,372,40
"15","BK-10","121",-0.00185831964969892,"BK-10-121","Blank",5,372,40
"16","BK-10","1378",-0.000776383399209521,"BK-10-1378","Blank",5,372,40
"17","BK-10","315",0.000601654135338586,"BK-10-315","Blank",5,372,40
"18","BK-10","34",0.000364804347825994,"BK-10-34","Blank",5,372,40
"19","BK-10","492",0.000468130434782442,"BK-10-492","Blank",5,372,40
"20","BK-10","638",0.000460282608695473,"BK-10-638","Blank",5,372,40
"21","BK-10","948",-0.00229992481203002,"BK-10-948","Blank",5,372,40
"22","BK-11","0",-0.00854339525283835,"BK-11-0","Blank",6,369,40
"23","BK-11","1048",-0.00121207692307711,"BK-11-1048","Blank",6,369,40
"24","BK-11","1192",-0.00152379699248128,"BK-11-1192","Blank",6,369,40
"25","BK-11","121",-0.000355695652173983,"BK-11-121","Blank",6,369,40
"26","BK-11","1378",-0.00296161067193684,"BK-11-1378","Blank",6,369,40
"27","BK-11","315",-0.00168649610678524,"BK-11-315","Blank",6,369,40
"28","BK-11","34",-0.010979586956522,"BK-11-34","Blank",6,369,40
"29","BK-11","492",-0.0021118181818181,"BK-11-492","Blank",6,369,40
"30","BK-11","638",-0.00080423076923077,"BK-11-638","Blank",6,369,40
"31","BK-11","948",-0.00111207282913165,"BK-11-948","Blank",6,369,40
"32","BK-12","0",-0.0103220214568038,"BK-12-0","Blank",6,371,40
"33","BK-12","1048",-0.000408495726495694,"BK-12-1048","Blank",6,371,40
"34","BK-12","1192",-0.000741608391608619,"BK-12-1192","Blank",6,371,40
"35","BK-12","121",0.00199000000000005,"BK-12-121","Blank",6,371,40
"36","BK-12","1378",-0.00164007352941169,"BK-12-1378","Blank",6,371,40
"37","BK-12","315",-0.000874507389162539,"BK-12-315","Blank",6,371,40
"38","BK-12","34",-0.00960967532467553,"BK-12-34","Blank",6,371,40
"39","BK-12","492",-0.00206131578947347,"BK-12-492","Blank",6,371,40
"40","BK-12","638",0.000161462450592925,"BK-12-638","Blank",6,371,40
"41","BK-12","948",-0.000495604946524143,"BK-12-948","Blank",6,371,40
"42","BK-13","0",-0.00195656521739146,"BK-13-0","Blank",7,372,32
"43","BK-13","1048",-0.00211541204116362,"BK-13-1048","Blank",7,372,32
"44","BK-13","1192",-0.0014834402492667,"BK-13-1192","Blank",7,372,32
"45","BK-13","121",-0.0023335385878489,"BK-13-121","Blank",7,372,32
"46","BK-13","1378",-0.00135274725274731,"BK-13-1378","Blank",7,372,32
"47","BK-13","315",-0.0015186790505678,"BK-13-315","Blank",7,372,32
"48","BK-13","34",-0.00217904411764714,"BK-13-34","Blank",7,372,32
"49","BK-13","492",-0.00189376623376624,"BK-13-492","Blank",7,372,32
"50","BK-13","638",-0.00160379310344824,"BK-13-638","Blank",7,372,32
"51","BK-13","948",-0.00163986651835359,"BK-13-948","Blank",7,372,32
"52","BK-14","0",-0.0023246975806451,"BK-14-0","Blank",7,372,32
"53","BK-14","1048",-0.00198974738675971,"BK-14-1048","Blank",7,372,32
"54","BK-14","1192",-0.00123117647058815,"BK-14-1192","Blank",7,372,32
"55","BK-14","121",-0.00181425467914445,"BK-14-121","Blank",7,372,32
"56","BK-14","1378",-0.00119572649572649,"BK-14-1378","Blank",7,372,32
"57","BK-14","315",-0.00156116883116886,"BK-14-315","Blank",7,372,32
"58","BK-14","34",-0.00276629870129899,"BK-14-34","Blank",7,372,32
"59","BK-14","492",-0.00175711822660092,"BK-14-492","Blank",7,372,32
"60","BK-14","638",-0.00144487179487178,"BK-14-638","Blank",7,372,32
"61","BK-14","948",-0.00109997176736297,"BK-14-948","Blank",7,372,32
"62","BK-15","0",-0.00126932330827071,"BK-15-0","Blank",8,370,32
"63","BK-15","1048",-0.00192169076751934,"BK-15-1048","Blank",8,370,32
"64","BK-15","1192",-0.00152754385964904,"BK-15-1192","Blank",8,370,32
"65","BK-15","121",-0.00218866666666674,"BK-15-121","Blank",8,370,32
"66","BK-15","1378",-0.00243551948051935,"BK-15-1378","Blank",8,370,32
"67","BK-15","315",-0.00191057744937038,"BK-15-315","Blank",8,370,32
"68","BK-15","34",-0.00224489164086699,"BK-15-34","Blank",8,370,32
"69","BK-15","492",-0.00161293054771292,"BK-15-492","Blank",8,370,32
"70","BK-15","638",-0.00177999011857716,"BK-15-638","Blank",8,370,32
"71","BK-15","948",-0.00206898395721931,"BK-15-948","Blank",8,370,32
"72","BK-16","0",-0.00195539130434798,"BK-16-0","Blank",8,368,32
"73","BK-16","1048",-0.00210852625635227,"BK-16-1048","Blank",8,368,32
"74","BK-16","1192",-0.00120765104460756,"BK-16-1192","Blank",8,368,32
"75","BK-16","121",-0.00206465428276611,"BK-16-121","Blank",8,368,32
"76","BK-16","1378",-0.00194451581027672,"BK-16-1378","Blank",8,368,32
"77","BK-16","315",-0.00208473684210504,"BK-16-315","Blank",8,368,32
"78","BK-16","34",-0.00272910784867285,"BK-16-34","Blank",8,368,32
"79","BK-16","492",-0.0016177067669172,"BK-16-492","Blank",8,368,32
"80","BK-16","638",-0.00239322416713693,"BK-16-638","Blank",8,368,32
"81","BK-16","948",-0.00240278632478644,"BK-16-948","Blank",8,368,32
"82","BK-2","0",-0.000469993959528856,"BK-2-0","Blank",1,353,18
"83","BK-2","1048",-0.000908897058823437,"BK-2-1048","Blank",1,353,18
"84","BK-2","1192",-0.000674014778325131,"BK-2-1192","Blank",1,353,18
"85","BK-2","121",-0.00048700000000003,"BK-2-121","Blank",1,353,18
"86","BK-2","1378",-0.000618016194331951,"BK-2-1378","Blank",1,353,18
"87","BK-2","1409",-0.0014475,"BK-2-1409","Blank",1,353,18
"88","BK-2","315",-0.000714874110563417,"BK-2-315","Blank",1,353,18
"89","BK-2","34",-0.000555450733752666,"BK-2-34","Blank",1,353,18
"90","BK-2","492",-0.00074487179487188,"BK-2-492","Blank",1,353,18
"91","BK-2","638",-0.000606847290640251,"BK-2-638","Blank",1,353,18
"92","BK-2","948",-0.000623185637891346,"BK-2-948","Blank",1,353,18
"93","BK-3","0",0.000981770044021134,"BK-3-0","Blank",2,376,28
"94","BK-3","1048",-3.9285714285583e-05,"BK-3-1048","Blank",2,376,28
"95","BK-3","1192",-0.000142613636363677,"BK-3-1192","Blank",2,376,28
"96","BK-3","121",0.000551846153846102,"BK-3-121","Blank",2,376,28
"97","BK-3","1378",-0.000247807692307742,"BK-3-1378","Blank",2,376,28
"98","BK-3","315",0.000509594941349093,"BK-3-315","Blank",2,376,28
"99","BK-3","34",0.00090088987764188,"BK-3-34","Blank",2,376,28
"100","BK-3","492",0.000178510378510357,"BK-3-492","Blank",2,376,28
"101","BK-3","638",0.000315020161290427,"BK-3-638","Blank",2,376,28
"102","BK-3","948",0.000369779411764743,"BK-3-948","Blank",2,376,28
"103","BK-4","0",2.46063030576626e-05,"BK-4-0","Blank",2,375,28
"104","BK-4","1048",-0.000179458128078767,"BK-4-1048","Blank",2,375,28
"105","BK-4","1192",-0.000397956378298977,"BK-4-1192","Blank",2,375,28
"106","BK-4","121",0.000379919354838702,"BK-4-121","Blank",2,375,28
"107","BK-4","1378",-0.000515789473684098,"BK-4-1378","Blank",2,375,28
"108","BK-4","315",0.000507842046718759,"BK-4-315","Blank",2,375,28
"109","BK-4","34",0.000130817417876329,"BK-4-34","Blank",2,375,28
"110","BK-4","492",7.40927419354088e-05,"BK-4-492","Blank",2,375,28
"111","BK-4","638",0.000218541324575872,"BK-4-638","Blank",2,375,28
"112","BK-4","948",-0.000107543859649153,"BK-4-948","Blank",2,375,28
"113","BK-5","0",-0.00644211965812002,"BK-5-0","Blank",3,368,28
"114","BK-5","1048",-0.000469897039896971,"BK-5-1048","Blank",3,368,28
"115","BK-5","1192",-0.000256062753036352,"BK-5-1192","Blank",3,368,28
"116","BK-5","121",-0.00262963043478279,"BK-5-121","Blank",3,368,28
"117","BK-5","1378",0.00129424242424203,"BK-5-1378","Blank",3,368,28
"118","BK-5","315",-0.00258411330049264,"BK-5-315","Blank",3,368,28
"119","BK-5","34",-0.00253382647385982,"BK-5-34","Blank",3,368,28
"120","BK-5","492",-0.000204686617730022,"BK-5-492","Blank",3,368,28
"121","BK-5","638",-0.00133661067193688,"BK-5-638","Blank",3,368,28
"122","BK-5","948",-0.00103786764705888,"BK-5-948","Blank",3,368,28
"123","BK-6","0",-0.0130431282051282,"BK-6-0","Blank",3,372,28
"124","BK-6","1048",-0.000339699413489637,"BK-6-1048","Blank",3,372,28
"125","BK-6","1192",-0.000475821018062303,"BK-6-1192","Blank",3,372,28
"126","BK-6","121",-0.000900060483871004,"BK-6-121","Blank",3,372,28
"127","BK-6","1378",-0.000870482295482506,"BK-6-1378","Blank",3,372,28
"128","BK-6","315",-0.000872167487684751,"BK-6-315","Blank",3,372,28
"129","BK-6","34",-0.00446552631578923,"BK-6-34","Blank",3,372,28
"130","BK-6","492",-0.000991065217391338,"BK-6-492","Blank",3,372,28
"131","BK-6","638",-0.000538421052631396,"BK-6-638","Blank",3,372,28
"132","BK-6","948",-0.000616576923076951,"BK-6-948","Blank",3,372,28
"133","BK-7","0",0.00014364661654127,"BK-7-0","Blank",4,373,18
"134","BK-7","1048",0.000292330827067667,"BK-7-1048","Blank",4,373,18
"135","BK-7","1192",-0.00032508210180611,"BK-7-1192","Blank",4,373,18
"136","BK-7","121",-7.58355614973231e-05,"BK-7-121","Blank",4,373,18
"137","BK-7","1378",-0.000515955882352916,"BK-7-1378","Blank",4,373,18
"138","BK-7","315",6.37554985337569e-05,"BK-7-315","Blank",4,373,18
"139","BK-7","34",-2.66739130436718e-05,"BK-7-34","Blank",4,373,18
"140","BK-7","492",7.79411764708849e-05,"BK-7-492","Blank",4,373,18
"141","BK-7","638",0.000141529830323108,"BK-7-638","Blank",4,373,18
"142","BK-7","948",-0.000544630434782594,"BK-7-948","Blank",4,373,18
"143","BK-8","0",-0.00014474969474968,"BK-8-0","Blank",4,378,18
"144","BK-8","1048",-0.000271414887794154,"BK-8-1048","Blank",4,378,18
"145","BK-8","1192",-0.000817456521739285,"BK-8-1192","Blank",4,378,18
"146","BK-8","121",4.33467741948166e-06,"BK-8-121","Blank",4,378,18
"147","BK-8","1378",-0.000526052631578825,"BK-8-1378","Blank",4,378,18
"148","BK-8","315",-0.000411884615384804,"BK-8-315","Blank",4,378,18
"149","BK-8","34",-0.000456310160427768,"BK-8-34","Blank",4,378,18
"150","BK-8","492",-0.000392426470588105,"BK-8-492","Blank",4,378,18
"151","BK-8","638",-6.78011204481739e-05,"BK-8-638","Blank",4,378,18
"152","BK-8","948",-0.00041403162055336,"BK-8-948","Blank",4,378,18
"153","BK-9","0",-0.0041031034482759,"BK-9-0","Blank",5,366,40
"154","BK-9","1048",-0.0013156346749228,"BK-9-1048","Blank",5,366,40
"155","BK-9","1192",-0.0011367132867137,"BK-9-1192","Blank",5,366,40
"156","BK-9","121",2.1929824561851e-06,"BK-9-121","Blank",5,366,40
"157","BK-9","1378",-0.000420710784313564,"BK-9-1378","Blank",5,366,40
"158","BK-9","315",0.000499673913043363,"BK-9-315","Blank",5,366,40
"159","BK-9","34",-0.00193884615384623,"BK-9-34","Blank",5,366,40
"160","BK-9","492",-9.62232620321014e-05,"BK-9-492","Blank",5,366,40
"161","BK-9","638",-0.00083339920948607,"BK-9-638","Blank",5,366,40
"162","BK-9","948",-0.00143472906403941,"BK-9-948","Blank",5,366,40
"163","MCAP-A1","0",-0.00188946922642568,"MCAP-A1-0","Montipora capitata",4,364,18
"164","MCAP-A1","1048",0.00323943349753702,"MCAP-A1-1048","Montipora capitata",4,364,18
"165","MCAP-A1","1192",0.00284705228031152,"MCAP-A1-1192","Montipora capitata",4,364,18
"166","MCAP-A1","121",0.00130903508771948,"MCAP-A1-121","Montipora capitata",4,364,18
"167","MCAP-A1","1378",0.00236520146520159,"MCAP-A1-1378","Montipora capitata",4,364,18
"168","MCAP-A1","315",0.00285322526737964,"MCAP-A1-315","Montipora capitata",4,364,18
"169","MCAP-A1","34",-0.000512280701754493,"MCAP-A1-34","Montipora capitata",4,364,18
"170","MCAP-A1","492",0.00336804065499717,"MCAP-A1-492","Montipora capitata",4,364,18
"171","MCAP-A1","638",0.00397540937323542,"MCAP-A1-638","Montipora capitata",4,364,18
"172","MCAP-A1","948",0.00293649350649347,"MCAP-A1-948","Montipora capitata",4,364,18
"173","MCAP-A2","0",-0.00373178730609785,"MCAP-A2-0","Montipora capitata",2,348,28
"174","MCAP-A2","1048",0.00908186400293245,"MCAP-A2-1048","Montipora capitata",2,348,28
"175","MCAP-A2","1192",0.00823373748609547,"MCAP-A2-1192","Montipora capitata",2,348,28
"176","MCAP-A2","121",0.00106592775041055,"MCAP-A2-121","Montipora capitata",2,348,28
"177","MCAP-A2","1378",0.00738392857142837,"MCAP-A2-1378","Montipora capitata",2,348,28
"178","MCAP-A2","315",0.00686263157894725,"MCAP-A2-315","Montipora capitata",2,348,28
"179","MCAP-A2","34",-0.00287170868347338,"MCAP-A2-34","Montipora capitata",2,348,28
"180","MCAP-A2","492",0.00960424901185784,"MCAP-A2-492","Montipora capitata",2,348,28
"181","MCAP-A2","638",0.00963293103448263,"MCAP-A2-638","Montipora capitata",2,348,28
"182","MCAP-A2","948",0.00962935139573064,"MCAP-A2-948","Montipora capitata",2,348,28
"183","MCAP-A3","0",-0.0119136466165412,"MCAP-A3-0","Montipora capitata",6,362,40
"184","MCAP-A3","1048",-0.00252840909090915,"MCAP-A3-1048","Montipora capitata",6,362,40
"185","MCAP-A3","1192",-0.00401801242235996,"MCAP-A3-1192","Montipora capitata",6,362,40
"186","MCAP-A3","121",-0.00175896153846164,"MCAP-A3-121","Montipora capitata",6,362,40
"187","MCAP-A3","1378",-0.00424661764705877,"MCAP-A3-1378","Montipora capitata",6,362,40
"188","MCAP-A3","315",-0.00421526315789465,"MCAP-A3-315","Montipora capitata",6,362,40
"189","MCAP-A3","34",-0.0116304511278197,"MCAP-A3-34","Montipora capitata",6,362,40
"190","MCAP-A3","492",-0.00267142857142879,"MCAP-A3-492","Montipora capitata",6,362,40
"191","MCAP-A3","638",-0.00251583577712597,"MCAP-A3-638","Montipora capitata",6,362,40
"192","MCAP-A3","948",-0.00243954887218035,"MCAP-A3-948","Montipora capitata",6,362,40
"193","MCAP-A4","0",-0.00800607142857105,"MCAP-A4-0","Montipora capitata",7,369,32
"194","MCAP-A4","1048",0.00509776069518722,"MCAP-A4-1048","Montipora capitata",7,369,32
"195","MCAP-A4","1192",0.00419748717948724,"MCAP-A4-1192","Montipora capitata",7,369,32
"196","MCAP-A4","121",-0.00358577874331556,"MCAP-A4-121","Montipora capitata",7,369,32
"197","MCAP-A4","1378",0.00437203007518814,"MCAP-A4-1378","Montipora capitata",7,369,32
"198","MCAP-A4","315",0.00182566346696771,"MCAP-A4-315","Montipora capitata",7,369,32
"199","MCAP-A4","34",-0.00533284313725466,"MCAP-A4-34","Montipora capitata",7,369,32
"200","MCAP-A4","492",0.00449860681114554,"MCAP-A4-492","Montipora capitata",7,369,32
"201","MCAP-A4","638",0.00631969924812031,"MCAP-A4-638","Montipora capitata",7,369,32
"202","MCAP-A4","948",0.00579839285714306,"MCAP-A4-948","Montipora capitata",7,369,32
"203","MCAP-B1","0",-0.00265585730116126,"MCAP-B1-0","Montipora capitata",1,348,18
"204","MCAP-B1","1048",0.00411113847837979,"MCAP-B1-1048","Montipora capitata",1,348,18
"205","MCAP-B1","1192",0.0040711822660099,"MCAP-B1-1192","Montipora capitata",1,348,18
"206","MCAP-B1","121",-0.000347332015810367,"MCAP-B1-121","Montipora capitata",1,348,18
"207","MCAP-B1","1378",0.0039775641025644,"MCAP-B1-1378","Montipora capitata",1,348,18
"208","MCAP-B1","1409",0.00341999999999963,"MCAP-B1-1409","Montipora capitata",1,348,18
"209","MCAP-B1","315",0.00232570207570207,"MCAP-B1-315","Montipora capitata",1,348,18
"210","MCAP-B1","34",-0.00164191797718155,"MCAP-B1-34","Montipora capitata",1,348,18
"211","MCAP-B1","492",0.00343338461538458,"MCAP-B1-492","Montipora capitata",1,348,18
"212","MCAP-B1","638",0.00432994071146263,"MCAP-B1-638","Montipora capitata",1,348,18
"213","MCAP-B1","948",0.00436992213570636,"MCAP-B1-948","Montipora capitata",1,348,18
"214","MCAP-B2","0",-0.00266556438037891,"MCAP-B2-0","Montipora capitata",2,363,28
"215","MCAP-B2","1048",0.00945621118012479,"MCAP-B2-1048","Montipora capitata",2,363,28
"216","MCAP-B2","1192",0.00931246153846163,"MCAP-B2-1192","Montipora capitata",2,363,28
"217","MCAP-B2","121",0.000689010989010846,"MCAP-B2-121","Montipora capitata",2,363,28
"218","MCAP-B2","1378",0.00957750000000044,"MCAP-B2-1378","Montipora capitata",2,363,28
"219","MCAP-B2","315",0.00388618881118876,"MCAP-B2-315","Montipora capitata",2,363,28
"220","MCAP-B2","34",-0.00166627016129037,"MCAP-B2-34","Montipora capitata",2,363,28
"221","MCAP-B2","492",0.00925039215686282,"MCAP-B2-492","Montipora capitata",2,363,28
"222","MCAP-B2","638",0.010109064039409,"MCAP-B2-638","Montipora capitata",2,363,28
"223","MCAP-B2","948",0.00997364532019714,"MCAP-B2-948","Montipora capitata",2,363,28
"224","MCAP-B3","0",-0.0110913675213675,"MCAP-B3-0","Montipora capitata",6,370,40
"225","MCAP-B3","1048",-0.0031702002224693,"MCAP-B3-1048","Montipora capitata",6,370,40
"226","MCAP-B3","1192",-0.00333873517786574,"MCAP-B3-1192","Montipora capitata",6,370,40
"227","MCAP-B3","121",-0.00270515873015864,"MCAP-B3-121","Montipora capitata",6,370,40
"228","MCAP-B3","1378",-0.00319148351648348,"MCAP-B3-1378","Montipora capitata",6,370,40
"229","MCAP-B3","315",-0.00306610671936766,"MCAP-B3-315","Montipora capitata",6,370,40
"230","MCAP-B3","34",-0.00712859649122759,"MCAP-B3-34","Montipora capitata",6,370,40
"231","MCAP-B3","492",-0.00399728205128193,"MCAP-B3-492","Montipora capitata",6,370,40
"232","MCAP-B3","638",-0.00216880341880349,"MCAP-B3-638","Montipora capitata",6,370,40
"233","MCAP-B3","948",-0.00239410866910865,"MCAP-B3-948","Montipora capitata",6,370,40
"234","MCAP-B4","0",-0.0125760263929615,"MCAP-B4-0","Montipora capitata",8,364,32
"235","MCAP-B4","1048",0.0198194017379682,"MCAP-B4-1048","Montipora capitata",8,364,32
"236","MCAP-B4","1192",0.0158099565217404,"MCAP-B4-1192","Montipora capitata",8,364,32
"237","MCAP-B4","121",-0.00310567765567766,"MCAP-B4-121","Montipora capitata",8,364,32
"238","MCAP-B4","1378",0.0138987100103204,"MCAP-B4-1378","Montipora capitata",8,364,32
"239","MCAP-B4","315",0.00920824561403573,"MCAP-B4-315","Montipora capitata",8,364,32
"240","MCAP-B4","34",-0.00939865196078346,"MCAP-B4-34","Montipora capitata",8,364,32
"241","MCAP-B4","492",0.0181030651341002,"MCAP-B4-492","Montipora capitata",8,364,32
"242","MCAP-B4","638",0.0206969480519486,"MCAP-B4-638","Montipora capitata",8,364,32
"243","MCAP-B4","948",0.0214689162561577,"MCAP-B4-948","Montipora capitata",8,364,32
"244","MCAP-C1","0",0.00207977558839645,"MCAP-C1-0","Montipora capitata",4,363,18
"245","MCAP-C1","1048",0.00413358974358974,"MCAP-C1-1048","Montipora capitata",4,363,18
"246","MCAP-C1","1192",0.00460874999999989,"MCAP-C1-1192","Montipora capitata",4,363,18
"247","MCAP-C1","121",0.00194753246753254,"MCAP-C1-121","Montipora capitata",4,363,18
"248","MCAP-C1","1378",0.00343847826086971,"MCAP-C1-1378","Montipora capitata",4,363,18
"249","MCAP-C1","315",0.00338095661846505,"MCAP-C1-315","Montipora capitata",4,363,18
"250","MCAP-C1","34",-0.000478659759358231,"MCAP-C1-34","Montipora capitata",4,363,18
"251","MCAP-C1","492",0.00532164589442813,"MCAP-C1-492","Montipora capitata",4,363,18
"252","MCAP-C1","638",0.00292650246305424,"MCAP-C1-638","Montipora capitata",4,363,18
"253","MCAP-C1","948",0.0049053201970444,"MCAP-C1-948","Montipora capitata",4,363,18
"254","MCAP-C2","0",-0.00331181037268668,"MCAP-C2-0","Montipora capitata",2,370,28
"255","MCAP-C2","1048",0.0099195073891625,"MCAP-C2-1048","Montipora capitata",2,370,28
"256","MCAP-C2","1192",0.0092894771968852,"MCAP-C2-1192","Montipora capitata",2,370,28
"257","MCAP-C2","121",-0.000652016129032238,"MCAP-C2-121","Montipora capitata",2,370,28
"258","MCAP-C2","1378",0.0084233333333332,"MCAP-C2-1378","Montipora capitata",2,370,28
"259","MCAP-C2","315",0.00480577915376665,"MCAP-C2-315","Montipora capitata",2,370,28
"260","MCAP-C2","34",-0.00271541880341879,"MCAP-C2-34","Montipora capitata",2,370,28
"261","MCAP-C2","492",0.00811010256410241,"MCAP-C2-492","Montipora capitata",2,370,28
"262","MCAP-C2","638",0.0095108231368188,"MCAP-C2-638","Montipora capitata",2,370,28
"263","MCAP-C2","948",0.010063694581281,"MCAP-C2-948","Montipora capitata",2,370,28
"264","MCAP-C3","0",-0.00670800467914438,"MCAP-C3-0","Montipora capitata",5,366,40
"265","MCAP-C3","1048",-0.00260449961802902,"MCAP-C3-1048","Montipora capitata",5,366,40
"266","MCAP-C3","1192",-0.00272631281761681,"MCAP-C3-1192","Montipora capitata",5,366,40
"267","MCAP-C3","121",-0.00283721388367726,"MCAP-C3-121","Montipora capitata",5,366,40
"268","MCAP-C3","1378",-0.00176054945054983,"MCAP-C3-1378","Montipora capitata",5,366,40
"269","MCAP-C3","315",-0.00168058155080224,"MCAP-C3-315","Montipora capitata",5,366,40
"270","MCAP-C3","34",-0.00448595652173938,"MCAP-C3-34","Montipora capitata",5,366,40
"271","MCAP-C3","492",-0.00121794871794875,"MCAP-C3-492","Montipora capitata",5,366,40
"272","MCAP-C3","638",-0.00156972498090136,"MCAP-C3-638","Montipora capitata",5,366,40
"273","MCAP-C3","948",-0.0022183846153849,"MCAP-C3-948","Montipora capitata",5,366,40
"274","MCAP-C4","0",-0.00497772727272747,"MCAP-C4-0","Montipora capitata",7,365,32
"275","MCAP-C4","1048",0.0047804812834225,"MCAP-C4-1048","Montipora capitata",7,365,32
"276","MCAP-C4","1192",0.0048970085470087,"MCAP-C4-1192","Montipora capitata",7,365,32
"277","MCAP-C4","121",-0.00119366995073888,"MCAP-C4-121","Montipora capitata",7,365,32
"278","MCAP-C4","1378",0.00436184782608709,"MCAP-C4-1378","Montipora capitata",7,365,32
"279","MCAP-C4","315",0.00338020892151341,"MCAP-C4-315","Montipora capitata",7,365,32
"280","MCAP-C4","34",-0.00198520609824941,"MCAP-C4-34","Montipora capitata",7,365,32
"281","MCAP-C4","492",0.00421371739130424,"MCAP-C4-492","Montipora capitata",7,365,32
"282","MCAP-C4","638",0.00546727822580646,"MCAP-C4-638","Montipora capitata",7,365,32
"283","MCAP-C4","948",0.00581694664031623,"MCAP-C4-948","Montipora capitata",7,365,32
"284","MCAP-D1","0",-0.00328882783882767,"MCAP-D1-0","Montipora capitata",1,360,18
"285","MCAP-D1","1048",0.0068619298245612,"MCAP-D1-1048","Montipora capitata",1,360,18
"286","MCAP-D1","1192",0.00718721948549534,"MCAP-D1-1192","Montipora capitata",1,360,18
"287","MCAP-D1","121",0.000965859683794325,"MCAP-D1-121","Montipora capitata",1,360,18
"288","MCAP-D1","1378",0.00713307104660042,"MCAP-D1-1378","Montipora capitata",1,360,18
"289","MCAP-D1","1409",0.00712719780219833,"MCAP-D1-1409","Montipora capitata",1,360,18
"290","MCAP-D1","315",0.00493761083743837,"MCAP-D1-315","Montipora capitata",1,360,18
"291","MCAP-D1","34",-0.00155239850903488,"MCAP-D1-34","Montipora capitata",1,360,18
"292","MCAP-D1","492",0.00637157909140666,"MCAP-D1-492","Montipora capitata",1,360,18
"293","MCAP-D1","638",0.0072605116796441,"MCAP-D1-638","Montipora capitata",1,360,18
"294","MCAP-D1","948",0.00744577205882377,"MCAP-D1-948","Montipora capitata",1,360,18
"295","MCAP-D2","0",-0.0044980798577452,"MCAP-D2-0","Montipora capitata",2,365,28
"296","MCAP-D2","1048",0.0125856086956523,"MCAP-D2-1048","Montipora capitata",2,365,28
"297","MCAP-D2","1192",0.0118935150166849,"MCAP-D2-1192","Montipora capitata",2,365,28
"298","MCAP-D2","121",-0.000897809750733017,"MCAP-D2-121","Montipora capitata",2,365,28
"299","MCAP-D2","1378",0.0115143233082709,"MCAP-D2-1378","Montipora capitata",2,365,28
"300","MCAP-D2","315",0.0040257142857144,"MCAP-D2-315","Montipora capitata",2,365,28
"301","MCAP-D2","34",-0.00320815270935964,"MCAP-D2-34","Montipora capitata",2,365,28
"302","MCAP-D2","492",0.00924929792429806,"MCAP-D2-492","Montipora capitata",2,365,28
"303","MCAP-D2","638",0.0114989743589742,"MCAP-D2-638","Montipora capitata",2,365,28
"304","MCAP-D2","948",0.0126025769230776,"MCAP-D2-948","Montipora capitata",2,365,28
"305","MCAP-D3","0",-0.010062115102639,"MCAP-D3-0","Montipora capitata",5,368,40
"306","MCAP-D3","1048",-0.00355595652173932,"MCAP-D3-1048","Montipora capitata",5,368,40
"307","MCAP-D3","1192",-0.00104464285714254,"MCAP-D3-1192","Montipora capitata",5,368,40
"308","MCAP-D3","121",-0.00443851938502677,"MCAP-D3-121","Montipora capitata",5,368,40
"309","MCAP-D3","1378",-0.00269105025409379,"MCAP-D3-1378","Montipora capitata",5,368,40
"310","MCAP-D3","315",-0.00343592880978845,"MCAP-D3-315","Montipora capitata",5,368,40
"311","MCAP-D3","34",-0.00801394736842117,"MCAP-D3-34","Montipora capitata",5,368,40
"312","MCAP-D3","492",-0.00357879728966681,"MCAP-D3-492","Montipora capitata",5,368,40
"313","MCAP-D3","638",-0.00236163306451617,"MCAP-D3-638","Montipora capitata",5,368,40
"314","MCAP-D3","948",-0.00363269230769255,"MCAP-D3-948","Montipora capitata",5,368,40
"315","MCAP-D4","0",-0.00900928137651806,"MCAP-D4-0","Montipora capitata",7,365,32
"316","MCAP-D4","1048",0.0138326666666664,"MCAP-D4-1048","Montipora capitata",7,365,32
"317","MCAP-D4","1192",0.0135082706766923,"MCAP-D4-1192","Montipora capitata",7,365,32
"318","MCAP-D4","121",-0.00563638034759363,"MCAP-D4-121","Montipora capitata",7,365,32
"319","MCAP-D4","1378",0.0155862068965519,"MCAP-D4-1378","Montipora capitata",7,365,32
"320","MCAP-D4","315",0.00342909090909079,"MCAP-D4-315","Montipora capitata",7,365,32
"321","MCAP-D4","34",-0.00776328205128202,"MCAP-D4-34","Montipora capitata",7,365,32
"322","MCAP-D4","492",0.00839706521739157,"MCAP-D4-492","Montipora capitata",7,365,32
"323","MCAP-D4","638",0.0124057894736844,"MCAP-D4-638","Montipora capitata",7,365,32
"324","MCAP-D4","948",0.0158421086956525,"MCAP-D4-948","Montipora capitata",7,365,32
"325","MCAP-E1","0",-0.00523269022905673,"MCAP-E1-0","Montipora capitata",1,336,18
"326","MCAP-E1","1048",0.0135716261998875,"MCAP-E1-1048","Montipora capitata",1,336,18
"327","MCAP-E1","1192",0.0129508620689655,"MCAP-E1-1192","Montipora capitata",1,336,18
"328","MCAP-E1","121",0.00041460043787642,"MCAP-E1-121","Montipora capitata",1,336,18
"329","MCAP-E1","1378",0.0134532356532358,"MCAP-E1-1378","Montipora capitata",1,336,18
"330","MCAP-E1","1409",0.0130126785714289,"MCAP-E1-1409","Montipora capitata",1,336,18
"331","MCAP-E1","315",0.0057220085470085,"MCAP-E1-315","Montipora capitata",1,336,18
"332","MCAP-E1","34",-0.00296503854455749,"MCAP-E1-34","Montipora capitata",1,336,18
"333","MCAP-E1","492",0.00973478632478639,"MCAP-E1-492","Montipora capitata",1,336,18
"334","MCAP-E1","638",0.0111158043478261,"MCAP-E1-638","Montipora capitata",1,336,18
"335","MCAP-E1","948",0.0131664525691701,"MCAP-E1-948","Montipora capitata",1,336,18
"336","MCAP-E2","0",-0.0136718421052627,"MCAP-E2-0","Montipora capitata",3,357,28
"337","MCAP-E2","1048",0.0161054545454543,"MCAP-E2-1048","Montipora capitata",3,357,28
"338","MCAP-E2","1192",0.0143775,"MCAP-E2-1192","Montipora capitata",3,357,28
"339","MCAP-E2","121",-0.00104865196078401,"MCAP-E2-121","Montipora capitata",3,357,28
"340","MCAP-E2","1378",0.013417733990147,"MCAP-E2-1378","Montipora capitata",3,357,28
"341","MCAP-E2","315",0.00792642857142823,"MCAP-E2-315","Montipora capitata",3,357,28
"342","MCAP-E2","34",-0.0082465817448679,"MCAP-E2-34","Montipora capitata",3,357,28
"343","MCAP-E2","492",0.013850685160428,"MCAP-E2-492","Montipora capitata",3,357,28
"344","MCAP-E2","638",0.0141654545454542,"MCAP-E2-638","Montipora capitata",3,357,28
"345","MCAP-E2","948",0.0190259615384627,"MCAP-E2-948","Montipora capitata",3,357,28
"346","MCAP-E3","0",-0.0153890217391309,"MCAP-E3-0","Montipora capitata",6,364,40
"347","MCAP-E3","1048",-0.00235369847543777,"MCAP-E3-1048","Montipora capitata",6,364,40
"348","MCAP-E3","1192",-0.00431147826086976,"MCAP-E3-1192","Montipora capitata",6,364,40
"349","MCAP-E3","121",-0.00555178571428548,"MCAP-E3-121","Montipora capitata",6,364,40
"350","MCAP-E3","1378",-0.00356862745098052,"MCAP-E3-1378","Montipora capitata",6,364,40
"351","MCAP-E3","315",-0.00345792207792214,"MCAP-E3-315","Montipora capitata",6,364,40
"352","MCAP-E3","34",-0.0122703030303031,"MCAP-E3-34","Montipora capitata",6,364,40
"353","MCAP-E3","492",-0.00446956654456642,"MCAP-E3-492","Montipora capitata",6,364,40
"354","MCAP-E3","638",-0.00360012987012994,"MCAP-E3-638","Montipora capitata",6,364,40
"355","MCAP-E3","948",-0.0027089510939511,"MCAP-E3-948","Montipora capitata",6,364,40
"356","MCAP-E4","0",-0.00768058823529388,"MCAP-E4-0","Montipora capitata",8,364,32
"357","MCAP-E4","1048",0.00999088669950745,"MCAP-E4-1048","Montipora capitata",8,364,32
"358","MCAP-E4","1192",0.0115400384897357,"MCAP-E4-1192","Montipora capitata",8,364,32
"359","MCAP-E4","121",-0.00337073529411769,"MCAP-E4-121","Montipora capitata",8,364,32
"360","MCAP-E4","1378",0.00914681318681372,"MCAP-E4-1378","Montipora capitata",8,364,32
"361","MCAP-E4","315",0.00611484962405954,"MCAP-E4-315","Montipora capitata",8,364,32
"362","MCAP-E4","34",-0.00666438502673777,"MCAP-E4-34","Montipora capitata",8,364,32
"363","MCAP-E4","492",0.0098531538461549,"MCAP-E4-492","Montipora capitata",8,364,32
"364","MCAP-E4","638",0.0120930827067659,"MCAP-E4-638","Montipora capitata",8,364,32
"365","MCAP-E4","948",0.0119582887700533,"MCAP-E4-948","Montipora capitata",8,364,32
"366","MCAP-F1","0",-0.00360431138628816,"MCAP-F1-0","Montipora capitata",1,351,18
"367","MCAP-F1","1048",0.0112139709906957,"MCAP-F1-1048","Montipora capitata",1,351,18
"368","MCAP-F1","1192",0.0104699624060151,"MCAP-F1-1192","Montipora capitata",1,351,18
"369","MCAP-F1","121",0.00186257692307701,"MCAP-F1-121","Montipora capitata",1,351,18
"370","MCAP-F1","1378",0.0102888478379857,"MCAP-F1-1378","Montipora capitata",1,351,18
"371","MCAP-F1","1409",0.00932333333333366,"MCAP-F1-1409","Montipora capitata",1,351,18
"372","MCAP-F1","315",0.00600219298245624,"MCAP-F1-315","Montipora capitata",1,351,18
"373","MCAP-F1","34",-0.00150405241935474,"MCAP-F1-34","Montipora capitata",1,351,18
"374","MCAP-F1","492",0.00983342744212369,"MCAP-F1-492","Montipora capitata",1,351,18
"375","MCAP-F1","638",0.0111673374613006,"MCAP-F1-638","Montipora capitata",1,351,18
"376","MCAP-F1","948",0.0114729637096774,"MCAP-F1-948","Montipora capitata",1,351,18
"377","MCAP-F2","0",-0.0163402631578945,"MCAP-F2-0","Montipora capitata",3,364,28
"378","MCAP-F2","1048",0.0110630700778642,"MCAP-F2-1048","Montipora capitata",3,364,28
"379","MCAP-F2","1192",0.0111854230769239,"MCAP-F2-1192","Montipora capitata",3,364,28
"380","MCAP-F2","121",-0.00143348390739673,"MCAP-F2-121","Montipora capitata",3,364,28
"381","MCAP-F2","1378",0.0101228571428575,"MCAP-F2-1378","Montipora capitata",3,364,28
"382","MCAP-F2","315",0.00662947368421061,"MCAP-F2-315","Montipora capitata",3,364,28
"383","MCAP-F2","34",-0.00697958211143658,"MCAP-F2-34","Montipora capitata",3,364,28
"384","MCAP-F2","492",0.011107520053476,"MCAP-F2-492","Montipora capitata",3,364,28
"385","MCAP-F2","638",0.0115395750988143,"MCAP-F2-638","Montipora capitata",3,364,28
"386","MCAP-F2","948",0.0121330287777657,"MCAP-F2-948","Montipora capitata",3,364,28
"387","MCAP-F3","0",-0.0157367826086962,"MCAP-F3-0","Montipora capitata",6,361,40
"388","MCAP-F3","1048",-0.00441909184726536,"MCAP-F3-1048","Montipora capitata",6,361,40
"389","MCAP-F3","1192",-0.00486660714285716,"MCAP-F3-1192","Montipora capitata",6,361,40
"390","MCAP-F3","121",-0.00450084615384647,"MCAP-F3-121","Montipora capitata",6,361,40
"391","MCAP-F3","1378",-0.00516967032967066,"MCAP-F3-1378","Montipora capitata",6,361,40
"392","MCAP-F3","315",-0.00626376623376637,"MCAP-F3-315","Montipora capitata",6,361,40
"393","MCAP-F3","34",-0.0136116666666662,"MCAP-F3-34","Montipora capitata",6,361,40
"394","MCAP-F3","492",-0.00573259829059823,"MCAP-F3-492","Montipora capitata",6,361,40
"395","MCAP-F3","638",-0.00498560371517051,"MCAP-F3-638","Montipora capitata",6,361,40
"396","MCAP-F3","948",-0.00377789104278087,"MCAP-F3-948","Montipora capitata",6,361,40
"397","MCAP-F4","0",-0.00831451127819599,"MCAP-F4-0","Montipora capitata",8,366,32
"398","MCAP-F4","1048",0.0138690656284758,"MCAP-F4-1048","Montipora capitata",8,366,32
"399","MCAP-F4","1192",0.0127393951612905,"MCAP-F4-1192","Montipora capitata",8,366,32
"400","MCAP-F4","121",-0.00192229064039387,"MCAP-F4-121","Montipora capitata",8,366,32
"401","MCAP-F4","1378",0.0097910598290595,"MCAP-F4-1378","Montipora capitata",8,366,32
"402","MCAP-F4","315",0.00759637362637407,"MCAP-F4-315","Montipora capitata",8,366,32
"403","MCAP-F4","34",-0.00694509803921507,"MCAP-F4-34","Montipora capitata",8,366,32
"404","MCAP-F4","492",0.0107061764705882,"MCAP-F4-492","Montipora capitata",8,366,32
"405","MCAP-F4","638",0.0161623323013422,"MCAP-F4-638","Montipora capitata",8,366,32
"406","MCAP-F4","948",0.0140660839160864,"MCAP-F4-948","Montipora capitata",8,366,32
"407","MCAP-G1","0",-0.00205872093023263,"MCAP-G1-0","Montipora capitata",1,372,18
"408","MCAP-G1","1048",0.003464642857143,"MCAP-G1-1048","Montipora capitata",1,372,18
"409","MCAP-G1","1192",0.00275035087719283,"MCAP-G1-1192","Montipora capitata",1,372,18
"410","MCAP-G1","121",6.53896103895247e-05,"MCAP-G1-121","Montipora capitata",1,372,18
"411","MCAP-G1","1378",0.00295562435500506,"MCAP-G1-1378","Montipora capitata",1,372,18
"412","MCAP-G1","1409",0.00288041958041939,"MCAP-G1-1409","Montipora capitata",1,372,18
"413","MCAP-G1","315",0.0019950980392156,"MCAP-G1-315","Montipora capitata",1,372,18
"414","MCAP-G1","34",-0.00138037523452156,"MCAP-G1-34","Montipora capitata",1,372,18
"415","MCAP-G1","492",0.00311727121858699,"MCAP-G1-492","Montipora capitata",1,372,18
"416","MCAP-G1","638",0.00305902173913038,"MCAP-G1-638","Montipora capitata",1,372,18
"417","MCAP-G1","948",0.00305492307692293,"MCAP-G1-948","Montipora capitata",1,372,18
"418","MCAP-G2","0",-0.00502755417956684,"MCAP-G2-0","Montipora capitata",2,360,28
"419","MCAP-G2","1048",0.00755553948832038,"MCAP-G2-1048","Montipora capitata",2,360,28
"420","MCAP-G2","1192",0.0072089260312944,"MCAP-G2-1192","Montipora capitata",2,360,28
"421","MCAP-G2","121",-0.000123623931624099,"MCAP-G2-121","Montipora capitata",2,360,28
"422","MCAP-G2","1378",0.00706190476190437,"MCAP-G2-1378","Montipora capitata",2,360,28
"423","MCAP-G2","315",0.00306827067669176,"MCAP-G2-315","Montipora capitata",2,360,28
"424","MCAP-G2","34",-0.00223758687258684,"MCAP-G2-34","Montipora capitata",2,360,28
"425","MCAP-G2","492",0.00674211538461565,"MCAP-G2-492","Montipora capitata",2,360,28
"426","MCAP-G2","638",0.00772905982905989,"MCAP-G2-638","Montipora capitata",2,360,28
"427","MCAP-G2","948",0.00758458119658127,"MCAP-G2-948","Montipora capitata",2,360,28
"428","MCAP-G3","0",-0.00769500000000004,"MCAP-G3-0","Montipora capitata",5,364,40
"429","MCAP-G3","1048",-0.00311727272727269,"MCAP-G3-1048","Montipora capitata",5,364,40
"430","MCAP-G3","1192",-0.00223650479954831,"MCAP-G3-1192","Montipora capitata",5,364,40
"431","MCAP-G3","121",-0.00317380769230792,"MCAP-G3-121","Montipora capitata",5,364,40
"432","MCAP-G3","1378",-0.00266552173913058,"MCAP-G3-1378","Montipora capitata",5,364,40
"433","MCAP-G3","315",-0.00204823076923094,"MCAP-G3-315","Montipora capitata",5,364,40
"434","MCAP-G3","34",0.00447678571428601,"MCAP-G3-34","Montipora capitata",5,364,40
"435","MCAP-G3","492",-0.00153175438596468,"MCAP-G3-492","Montipora capitata",5,364,40
"436","MCAP-G3","638",-0.00203944382647379,"MCAP-G3-638","Montipora capitata",5,364,40
"437","MCAP-G3","948",-0.00296096059113302,"MCAP-G3-948","Montipora capitata",5,364,40
"438","MCAP-G4","0",-0.0037573695652177,"MCAP-G4-0","Montipora capitata",7,370,32
"439","MCAP-G4","1048",0.0032919354838711,"MCAP-G4-1048","Montipora capitata",7,370,32
"440","MCAP-G4","1192",0.00269850000000013,"MCAP-G4-1192","Montipora capitata",7,370,32
"441","MCAP-G4","121",-0.00230093984962406,"MCAP-G4-121","Montipora capitata",7,370,32
"442","MCAP-G4","1378",0.0026975369458128,"MCAP-G4-1378","Montipora capitata",7,370,32
"443","MCAP-G4","315",0.00182314529914525,"MCAP-G4-315","Montipora capitata",7,370,32
"444","MCAP-G4","34",-0.00306158135981659,"MCAP-G4-34","Montipora capitata",7,370,32
"445","MCAP-G4","492",0.00311859420821113,"MCAP-G4-492","Montipora capitata",7,370,32
"446","MCAP-G4","638",0.00420518353726361,"MCAP-G4-638","Montipora capitata",7,370,32
"447","MCAP-G4","948",0.00446271739130459,"MCAP-G4-948","Montipora capitata",7,370,32
"448","MCAP-H1","0",-0.00206619980304197,"MCAP-H1-0","Montipora capitata",1,359,18
"449","MCAP-H1","1048",0.00241973684210534,"MCAP-H1-1048","Montipora capitata",1,359,18
"450","MCAP-H1","1192",0.00207022177419355,"MCAP-H1-1192","Montipora capitata",1,359,18
"451","MCAP-H1","121",-0.000651179487179453,"MCAP-H1-121","Montipora capitata",1,359,18
"452","MCAP-H1","1378",0.00212956378299121,"MCAP-H1-1378","Montipora capitata",1,359,18
"453","MCAP-H1","1409",0.00187344155844166,"MCAP-H1-1409","Montipora capitata",1,359,18
"454","MCAP-H1","315",0.000658237547892712,"MCAP-H1-315","Montipora capitata",1,359,18
"455","MCAP-H1","34",-0.00170026696329259,"MCAP-H1-34","Montipora capitata",1,359,18
"456","MCAP-H1","492",0.00170608374384228,"MCAP-H1-492","Montipora capitata",1,359,18
"457","MCAP-H1","638",0.00216558823529413,"MCAP-H1-638","Montipora capitata",1,359,18
"458","MCAP-H1","948",0.00192312452253625,"MCAP-H1-948","Montipora capitata",1,359,18
"459","MCAP-H2","0",-0.00632092300820278,"MCAP-H2-0","Montipora capitata",2,368,28
"460","MCAP-H2","1048",0.0115704385964914,"MCAP-H2-1048","Montipora capitata",2,368,28
"461","MCAP-H2","1192",0.0110416055718477,"MCAP-H2-1192","Montipora capitata",2,368,28
"462","MCAP-H2","121",-0.000590601503759332,"MCAP-H2-121","Montipora capitata",2,368,28
"463","MCAP-H2","1378",0.0105831153846161,"MCAP-H2-1378","Montipora capitata",2,368,28
"464","MCAP-H2","315",0.00602470355731228,"MCAP-H2-315","Montipora capitata",2,368,28
"465","MCAP-H2","34",-0.00443843391902207,"MCAP-H2-34","Montipora capitata",2,368,28
"466","MCAP-H2","492",0.00970213043478284,"MCAP-H2-492","Montipora capitata",2,368,28
"467","MCAP-H2","638",0.0108072525027809,"MCAP-H2-638","Montipora capitata",2,368,28
"468","MCAP-H2","948",0.0117534358974359,"MCAP-H2-948","Montipora capitata",2,368,28
"469","MCAP-H3","0",-0.0125511083743842,"MCAP-H3-0","Montipora capitata",5,366,40
"470","MCAP-H3","1048",-0.00472274114774128,"MCAP-H3-1048","Montipora capitata",5,366,40
"471","MCAP-H3","1192",-0.00385417843026516,"MCAP-H3-1192","Montipora capitata",5,366,40
"472","MCAP-H3","121",-0.00539571862348178,"MCAP-H3-121","Montipora capitata",5,366,40
"473","MCAP-H3","1378",-0.00402999999999995,"MCAP-H3-1378","Montipora capitata",5,366,40
"474","MCAP-H3","315",-0.0038340488922841,"MCAP-H3-315","Montipora capitata",5,366,40
"475","MCAP-H3","34",-0.00801261538461575,"MCAP-H3-34","Montipora capitata",5,366,40
"476","MCAP-H3","492",-0.00320351037851034,"MCAP-H3-492","Montipora capitata",5,366,40
"477","MCAP-H3","638",-0.00311273399014784,"MCAP-H3-638","Montipora capitata",5,366,40
"478","MCAP-H3","948",-0.00464669230769261,"MCAP-H3-948","Montipora capitata",5,366,40
"479","MCAP-H4","0",-0.00669637362637372,"MCAP-H4-0","Montipora capitata",8,366,32
"480","MCAP-H4","1048",0.00600549450549456,"MCAP-H4-1048","Montipora capitata",8,366,32
"481","MCAP-H4","1192",0.0051418461538463,"MCAP-H4-1192","Montipora capitata",8,366,32
"482","MCAP-H4","121",-0.00282667408231364,"MCAP-H4-121","Montipora capitata",8,366,32
"483","MCAP-H4","1378",0.00356975524475564,"MCAP-H4-1378","Montipora capitata",8,366,32
"484","MCAP-H4","315",0.00214224664224672,"MCAP-H4-315","Montipora capitata",8,366,32
"485","MCAP-H4","34",-0.00618216783216897,"MCAP-H4-34","Montipora capitata",8,366,32
"486","MCAP-H4","492",0.00719571428571393,"MCAP-H4-492","Montipora capitata",8,366,32
"487","MCAP-H4","638",0.00658192982456066,"MCAP-H4-638","Montipora capitata",8,366,32
"488","MCAP-H4","948",0.00728293233082717,"MCAP-H4-948","Montipora capitata",8,366,32
"489","PACT-A1","0",-0.00393195993031369,"PACT-A1-0","Pocillopora acuta",1,367,18
"490","PACT-A1","1048",0.00726869458128065,"PACT-A1-1048","Pocillopora acuta",1,367,18
"491","PACT-A1","1192",0.00661619318181817,"PACT-A1-1192","Pocillopora acuta",1,367,18
"492","PACT-A1","121",0.0031145604395606,"PACT-A1-121","Pocillopora acuta",1,367,18
"493","PACT-A1","1378",0.00665096491228104,"PACT-A1-1378","Pocillopora acuta",1,367,18
"494","PACT-A1","1409",0.00534065934065965,"PACT-A1-1409","Pocillopora acuta",1,367,18
"495","PACT-A1","315",0.00730607692307687,"PACT-A1-315","Pocillopora acuta",1,367,18
"496","PACT-A1","34",-0.00128242081447959,"PACT-A1-34","Pocillopora acuta",1,367,18
"497","PACT-A1","492",0.00826795595708652,"PACT-A1-492","Pocillopora acuta",1,367,18
"498","PACT-A1","638",0.00818349802371544,"PACT-A1-638","Pocillopora acuta",1,367,18
"499","PACT-A1","948",0.00833235294117658,"PACT-A1-948","Pocillopora acuta",1,367,18
"500","PACT-A2","0",-0.0122340957802312,"PACT-A2-0","Pocillopora acuta",2,376,28
"501","PACT-A2","1048",0.0413753759398492,"PACT-A2-1048","Pocillopora acuta",2,376,28
"502","PACT-A2","1192",0.0381504435483877,"PACT-A2-1192","Pocillopora acuta",2,376,28
"503","PACT-A2","121",0.00200073529411772,"PACT-A2-121","Pocillopora acuta",2,376,28
"504","PACT-A2","1378",0.0324174297924295,"PACT-A2-1378","Pocillopora acuta",2,376,28
"505","PACT-A2","315",0.0215284615384619,"PACT-A2-315","Pocillopora acuta",2,376,28
"506","PACT-A2","34",-0.00833285714285726,"PACT-A2-34","Pocillopora acuta",2,376,28
"507","PACT-A2","492",0.0324204560622915,"PACT-A2-492","Pocillopora acuta",2,376,28
"508","PACT-A2","638",0.0373115583075342,"PACT-A2-638","Pocillopora acuta",2,376,28
"509","PACT-A2","948",0.0408055194805207,"PACT-A2-948","Pocillopora acuta",2,376,28
"510","PACT-A3","0",-0.0124320440429131,"PACT-A3-0","Pocillopora acuta",6,365,40
"511","PACT-A3","1048",-0.0031051892551893,"PACT-A3-1048","Pocillopora acuta",6,365,40
"512","PACT-A3","1192",-0.00455110294117617,"PACT-A3-1192","Pocillopora acuta",6,365,40
"513","PACT-A3","121",-0.00178874999999987,"PACT-A3-121","Pocillopora acuta",6,365,40
"514","PACT-A3","1378",-0.0040102564102566,"PACT-A3-1378","Pocillopora acuta",6,365,40
"515","PACT-A3","315",-0.00382816091954032,"PACT-A3-315","Pocillopora acuta",6,365,40
"516","PACT-A3","34",-0.012196428571428,"PACT-A3-34","Pocillopora acuta",6,365,40
"517","PACT-A3","492",-0.0038914935064935,"PACT-A3-492","Pocillopora acuta",6,365,40
"518","PACT-A3","638",-0.00274105263157887,"PACT-A3-638","Pocillopora acuta",6,365,40
"519","PACT-A3","948",-0.00230641129032253,"PACT-A3-948","Pocillopora acuta",6,365,40
"520","PACT-A4","0",-0.00876438836898406,"PACT-A4-0","Pocillopora acuta",8,365,32
"521","PACT-A4","1048",0.00640549450549454,"PACT-A4-1048","Pocillopora acuta",8,365,32
"522","PACT-A4","1192",0.00902423076923143,"PACT-A4-1192","Pocillopora acuta",8,365,32
"523","PACT-A4","121",-0.00357856521739153,"PACT-A4-121","Pocillopora acuta",8,365,32
"524","PACT-A4","1378",0.00690632925472742,"PACT-A4-1378","Pocillopora acuta",8,365,32
"525","PACT-A4","315",0.00496976086956501,"PACT-A4-315","Pocillopora acuta",8,365,32
"526","PACT-A4","34",-0.00663044334975359,"PACT-A4-34","Pocillopora acuta",8,365,32
"527","PACT-A4","492",0.00890030033370415,"PACT-A4-492","Pocillopora acuta",8,365,32
"528","PACT-A4","638",0.0103044871794872,"PACT-A4-638","Pocillopora acuta",8,365,32
"529","PACT-A4","948",0.0101859649122813,"PACT-A4-948","Pocillopora acuta",8,365,32
"530","PACT-B1","0",-0.00132806285178242,"PACT-B1-0","Pocillopora acuta",1,350,18
"531","PACT-B1","1048",0.00135608374384241,"PACT-B1-1048","Pocillopora acuta",1,350,18
"532","PACT-B1","1192",0.00144266963292546,"PACT-B1-1192","Pocillopora acuta",1,350,18
"533","PACT-B1","121",0.000294560622914462,"PACT-B1-121","Pocillopora acuta",1,350,18
"534","PACT-B1","1378",0.00117402597402605,"PACT-B1-1378","Pocillopora acuta",1,350,18
"535","PACT-B1","1409",0.00144845201238368,"PACT-B1-1409","Pocillopora acuta",1,350,18
"536","PACT-B1","315",0.00172485887096769,"PACT-B1-315","Pocillopora acuta",1,350,18
"537","PACT-B1","34",-0.000798225652753995,"PACT-B1-34","Pocillopora acuta",1,350,18
"538","PACT-B1","492",0.00179589543937702,"PACT-B1-492","Pocillopora acuta",1,350,18
"539","PACT-B1","638",0.0012670794633642,"PACT-B1-638","Pocillopora acuta",1,350,18
"540","PACT-B1","948",0.00135931855500811,"PACT-B1-948","Pocillopora acuta",1,350,18
"541","PACT-B2","0",-0.00251833229231739,"PACT-B2-0","Pocillopora acuta",2,370,28
"542","PACT-B2","1048",0.0103242518351211,"PACT-B2-1048","Pocillopora acuta",2,370,28
"543","PACT-B2","1192",0.00738644257703065,"PACT-B2-1192","Pocillopora acuta",2,370,28
"544","PACT-B2","121",-0.00054929792429791,"PACT-B2-121","Pocillopora acuta",2,370,28
"545","PACT-B2","1378",0.0105659090909089,"PACT-B2-1378","Pocillopora acuta",2,370,28
"546","PACT-B2","315",0.00493300492610839,"PACT-B2-315","Pocillopora acuta",2,370,28
"547","PACT-B2","34",-0.00248004926108373,"PACT-B2-34","Pocillopora acuta",2,370,28
"548","PACT-B2","492",0.00887751778872455,"PACT-B2-492","Pocillopora acuta",2,370,28
"549","PACT-B2","638",0.00978342105263151,"PACT-B2-638","Pocillopora acuta",2,370,28
"550","PACT-B2","948",0.0113904135338345,"PACT-B2-948","Pocillopora acuta",2,370,28
"551","PACT-B3","0",-0.00733928205128214,"PACT-B3-0","Pocillopora acuta",5,367,40
"552","PACT-B3","1048",-0.00319184782608704,"PACT-B3-1048","Pocillopora acuta",5,367,40
"553","PACT-B3","1192",-0.00138042735042743,"PACT-B3-1192","Pocillopora acuta",5,367,40
"554","PACT-B3","121",-0.00278302564102563,"PACT-B3-121","Pocillopora acuta",5,367,40
"555","PACT-B3","1378",-0.00137441558441555,"PACT-B3-1378","Pocillopora acuta",5,367,40
"556","PACT-B3","315",-0.000805960591133072,"PACT-B3-315","Pocillopora acuta",5,367,40
"557","PACT-B3","34",-0.00390963330786853,"PACT-B3-34","Pocillopora acuta",5,367,40
"558","PACT-B3","492",-0.000987012195121998,"PACT-B3-492","Pocillopora acuta",5,367,40
"559","PACT-B3","638",-0.000578461538461901,"PACT-B3-638","Pocillopora acuta",5,367,40
"560","PACT-B3","948",-0.00335143986448316,"PACT-B3-948","Pocillopora acuta",5,367,40
"561","PACT-B4","0",-0.00798848720800889,"PACT-B4-0","Pocillopora acuta",8,360,32
"562","PACT-B4","1048",0.00521933497536995,"PACT-B4-1048","Pocillopora acuta",8,360,32
"563","PACT-B4","1192",0.00550590062111831,"PACT-B4-1192","Pocillopora acuta",8,360,32
"564","PACT-B4","121",-0.00307108870967745,"PACT-B4-121","Pocillopora acuta",8,360,32
"565","PACT-B4","1378",0.00507694805194782,"PACT-B4-1378","Pocillopora acuta",8,360,32
"566","PACT-B4","315",0.00267936507936503,"PACT-B4-315","Pocillopora acuta",8,360,32
"567","PACT-B4","34",-0.00642571428571467,"PACT-B4-34","Pocillopora acuta",8,360,32
"568","PACT-B4","492",0.00482156521739136,"PACT-B4-492","Pocillopora acuta",8,360,32
"569","PACT-B4","638",0.00582432608695692,"PACT-B4-638","Pocillopora acuta",8,360,32
"570","PACT-B4","948",0.00617223320158119,"PACT-B4-948","Pocillopora acuta",8,360,32
"571","PACT-C1","0",0.00409394736842111,"PACT-C1-0","Pocillopora acuta",1,369,18
"572","PACT-C1","1048",0.0032220086898396,"PACT-C1-1048","Pocillopora acuta",1,369,18
"573","PACT-C1","1192",0.00227738916256149,"PACT-C1-1192","Pocillopora acuta",1,369,18
"574","PACT-C1","121",0.00042488461538425,"PACT-C1-121","Pocillopora acuta",1,369,18
"575","PACT-C1","1378",0.00249097812097828,"PACT-C1-1378","Pocillopora acuta",1,369,18
"576","PACT-C1","1409",-0.00225535714285611,"PACT-C1-1409","Pocillopora acuta",1,369,18
"577","PACT-C1","315",0.0014297571993226,"PACT-C1-315","Pocillopora acuta",1,369,18
"578","PACT-C1","34",-0.00733129582111439,"PACT-C1-34","Pocillopora acuta",1,369,18
"579","PACT-C1","492",0.0041759175607008,"PACT-C1-492","Pocillopora acuta",1,369,18
"580","PACT-C1","638",0.00226924019607872,"PACT-C1-638","Pocillopora acuta",1,369,18
"581","PACT-C1","948",0.00280145320197044,"PACT-C1-948","Pocillopora acuta",1,369,18
"582","PACT-C2","0",-0.00464004027193734,"PACT-C2-0","Pocillopora acuta",2,368,28
"583","PACT-C2","1048",0.0141341911764708,"PACT-C2-1048","Pocillopora acuta",2,368,28
"584","PACT-C2","1192",0.0131349097593585,"PACT-C2-1192","Pocillopora acuta",2,368,28
"585","PACT-C2","121",0.00256754032258055,"PACT-C2-121","Pocillopora acuta",2,368,28
"586","PACT-C2","1378",0.012580320197044,"PACT-C2-1378","Pocillopora acuta",2,368,28
"587","PACT-C2","315",0.0112806085043988,"PACT-C2-315","Pocillopora acuta",2,368,28
"588","PACT-C2","34",-0.00286684782608695,"PACT-C2-34","Pocillopora acuta",2,368,28
"589","PACT-C2","492",0.0142228189149558,"PACT-C2-492","Pocillopora acuta",2,368,28
"590","PACT-C2","638",0.0146505159958725,"PACT-C2-638","Pocillopora acuta",2,368,28
"591","PACT-C2","948",0.0150057734604107,"PACT-C2-948","Pocillopora acuta",2,368,28
"592","PACT-C3","0",-0.0111153076923081,"PACT-C3-0","Pocillopora acuta",5,364,40
"593","PACT-C3","1048",-0.00633964094728789,"PACT-C3-1048","Pocillopora acuta",5,364,40
"594","PACT-C3","1192",-0.00716642156862719,"PACT-C3-1192","Pocillopora acuta",5,364,40
"595","PACT-C3","121",-0.00552457661290332,"PACT-C3-121","Pocillopora acuta",5,364,40
"596","PACT-C3","1378",-0.00688982456140321,"PACT-C3-1378","Pocillopora acuta",5,364,40
"597","PACT-C3","315",-0.00495470085470089,"PACT-C3-315","Pocillopora acuta",5,364,40
"598","PACT-C3","34",-0.00758916788856301,"PACT-C3-34","Pocillopora acuta",5,364,40
"599","PACT-C3","492",-0.0048913846153849,"PACT-C3-492","Pocillopora acuta",5,364,40
"600","PACT-C3","638",-0.00521584615384627,"PACT-C3-638","Pocillopora acuta",5,364,40
"601","PACT-C3","948",-0.00628150246305411,"PACT-C3-948","Pocillopora acuta",5,364,40
"602","PACT-C4","0",-0.00954888888888864,"PACT-C4-0","Pocillopora acuta",7,365,32
"603","PACT-C4","1048",0.00965086325439275,"PACT-C4-1048","Pocillopora acuta",7,365,32
"604","PACT-C4","1192",0.0120173185483872,"PACT-C4-1192","Pocillopora acuta",7,365,32
"605","PACT-C4","121",-0.00329025735294116,"PACT-C4-121","Pocillopora acuta",7,365,32
"606","PACT-C4","1378",0.0110337606837609,"PACT-C4-1378","Pocillopora acuta",7,365,32
"607","PACT-C4","315",0.006269814241486,"PACT-C4-315","Pocillopora acuta",7,365,32
"608","PACT-C4","34",-0.00684826007326008,"PACT-C4-34","Pocillopora acuta",7,365,32
"609","PACT-C4","492",0.00980058467741927,"PACT-C4-492","Pocillopora acuta",7,365,32
"610","PACT-C4","638",0.0131514116318458,"PACT-C4-638","Pocillopora acuta",7,365,32
"611","PACT-C4","948",0.0137891862170089,"PACT-C4-948","Pocillopora acuta",7,365,32
"612","PACT-D1","0",-0.00129680971202719,"PACT-D1-0","Pocillopora acuta",1,345,18
"613","PACT-D1","1048",-0.000660307692307697,"PACT-D1-1048","Pocillopora acuta",1,345,18
"614","PACT-D1","1192",0.000148260869565276,"PACT-D1-1192","Pocillopora acuta",1,345,18
"615","PACT-D1","121",-0.00158508771929788,"PACT-D1-121","Pocillopora acuta",1,345,18
"616","PACT-D1","1378",7.33990147783106e-05,"PACT-D1-1378","Pocillopora acuta",1,345,18
"617","PACT-D1","1409",-0.000761813186813493,"PACT-D1-1409","Pocillopora acuta",1,345,18
"618","PACT-D1","315",0.000861968854282674,"PACT-D1-315","Pocillopora acuta",1,345,18
"619","PACT-D1","34",-0.00135228492136912,"PACT-D1-34","Pocillopora acuta",1,345,18
"620","PACT-D1","492",0.0013771352639296,"PACT-D1-492","Pocillopora acuta",1,345,18
"621","PACT-D1","638",0.000414395183360848,"PACT-D1-638","Pocillopora acuta",1,345,18
"622","PACT-D1","948",-0.00104196581196586,"PACT-D1-948","Pocillopora acuta",1,345,18
"623","PACT-D2","0",0.000150522397205974,"PACT-D2-0","Pocillopora acuta",2,369,28
"624","PACT-D2","1048",0.00265067079463359,"PACT-D2-1048","Pocillopora acuta",2,369,28
"625","PACT-D2","1192",0.00248292307692303,"PACT-D2-1192","Pocillopora acuta",2,369,28
"626","PACT-D2","121",0.000788104838709585,"PACT-D2-121","Pocillopora acuta",2,369,28
"627","PACT-D2","1378",0.00213701970443337,"PACT-D2-1378","Pocillopora acuta",2,369,28
"628","PACT-D2","315",0.00259482142857145,"PACT-D2-315","Pocillopora acuta",2,369,28
"629","PACT-D2","34",-4.50146627565971e-05,"PACT-D2-34","Pocillopora acuta",2,369,28
"630","PACT-D2","492",0.00257459893048128,"PACT-D2-492","Pocillopora acuta",2,369,28
"631","PACT-D2","638",0.00311603514132931,"PACT-D2-638","Pocillopora acuta",2,369,28
"632","PACT-D2","948",0.00263297826086959,"PACT-D2-948","Pocillopora acuta",2,369,28
"633","PACT-D3","0",-0.0204022868435905,"PACT-D3-0","Pocillopora acuta",6,368,40
"634","PACT-D3","1048",-0.000851842105263044,"PACT-D3-1048","Pocillopora acuta",6,368,40
"635","PACT-D3","1192",-0.00244519230769243,"PACT-D3-1192","Pocillopora acuta",6,368,40
"636","PACT-D3","121",-0.00202436090225544,"PACT-D3-121","Pocillopora acuta",6,368,40
"637","PACT-D3","1378",-0.00378130434782616,"PACT-D3-1378","Pocillopora acuta",6,368,40
"638","PACT-D3","315",-0.00314270300333695,"PACT-D3-315","Pocillopora acuta",6,368,40
"639","PACT-D3","34",-0.0102724001094688,"PACT-D3-34","Pocillopora acuta",6,368,40
"640","PACT-D3","492",-0.0035467863247863,"PACT-D3-492","Pocillopora acuta",6,368,40
"641","PACT-D3","638",-0.00176813675213676,"PACT-D3-638","Pocillopora acuta",6,368,40
"642","PACT-D3","948",-0.00170612648221349,"PACT-D3-948","Pocillopora acuta",6,368,40
"643","PACT-D4","0",-0.00572461538461582,"PACT-D4-0","Pocillopora acuta",8,366,32
"644","PACT-D4","1048",0.000495714285714287,"PACT-D4-1048","Pocillopora acuta",8,366,32
"645","PACT-D4","1192",0.00128463848720797,"PACT-D4-1192","Pocillopora acuta",8,366,32
"646","PACT-D4","121",-0.00283746753246753,"PACT-D4-121","Pocillopora acuta",8,366,32
"647","PACT-D4","1378",0.000509610389610393,"PACT-D4-1378","Pocillopora acuta",8,366,32
"648","PACT-D4","315",2.96370967741268e-05,"PACT-D4-315","Pocillopora acuta",8,366,32
"649","PACT-D4","34",-0.00467847985347991,"PACT-D4-34","Pocillopora acuta",8,366,32
"650","PACT-D4","492",0.00164144605116805,"PACT-D4-492","Pocillopora acuta",8,366,32
"651","PACT-D4","638",0.00171473930481295,"PACT-D4-638","Pocillopora acuta",8,366,32
"652","PACT-D4","948",-0.000164945054945225,"PACT-D4-948","Pocillopora acuta",8,366,32
"653","PACT-E1","0",-0.0026478571428571,"PACT-E1-0","Pocillopora acuta",4,364,18
"654","PACT-E1","1048",0.00396982142857117,"PACT-E1-1048","Pocillopora acuta",4,364,18
"655","PACT-E1","1192",0.00342221908526246,"PACT-E1-1192","Pocillopora acuta",4,364,18
"656","PACT-E1","121",0.00345852173913035,"PACT-E1-121","Pocillopora acuta",4,364,18
"657","PACT-E1","1378",0.00242564935064921,"PACT-E1-1378","Pocillopora acuta",4,364,18
"658","PACT-E1","315",0.00554794215795337,"PACT-E1-315","Pocillopora acuta",4,364,18
"659","PACT-E1","34",-0.000418817733990202,"PACT-E1-34","Pocillopora acuta",4,364,18
"660","PACT-E1","492",0.00551967521367514,"PACT-E1-492","Pocillopora acuta",4,364,18
"661","PACT-E1","638",0.00553386956521742,"PACT-E1-638","Pocillopora acuta",4,364,18
"662","PACT-E1","948",0.00415366721401171,"PACT-E1-948","Pocillopora acuta",4,364,18
"663","PACT-E2","0",-0.00526380591942818,"PACT-E2-0","Pocillopora acuta",2,360,28
"664","PACT-E2","1048",0.00968769841269844,"PACT-E2-1048","Pocillopora acuta",2,360,28
"665","PACT-E2","1192",0.00927022556390985,"PACT-E2-1192","Pocillopora acuta",2,360,28
"666","PACT-E2","121",0.000646031746031746,"PACT-E2-121","Pocillopora acuta",2,360,28
"667","PACT-E2","1378",0.00847902298850583,"PACT-E2-1378","Pocillopora acuta",2,360,28
"668","PACT-E2","315",0.0074163614163615,"PACT-E2-315","Pocillopora acuta",2,360,28
"669","PACT-E2","34",-0.00344963330786849,"PACT-E2-34","Pocillopora acuta",2,360,28
"670","PACT-E2","492",0.00959319548872206,"PACT-E2-492","Pocillopora acuta",2,360,28
"671","PACT-E2","638",0.0107377964426877,"PACT-E2-638","Pocillopora acuta",2,360,28
"672","PACT-E2","948",0.0104078635778635,"PACT-E2-948","Pocillopora acuta",2,360,28
"673","PACT-E3","0",-0.013608526256352,"PACT-E3-0","Pocillopora acuta",6,362,40
"674","PACT-E3","1048",-0.00460390720390733,"PACT-E3-1048","Pocillopora acuta",6,362,40
"675","PACT-E3","1192",-0.00553250000000035,"PACT-E3-1192","Pocillopora acuta",6,362,40
"676","PACT-E3","121",-0.00444328629032271,"PACT-E3-121","Pocillopora acuta",6,362,40
"677","PACT-E3","1378",-0.0055824273504272,"PACT-E3-1378","Pocillopora acuta",6,362,40
"678","PACT-E3","315",-0.00454370129870149,"PACT-E3-315","Pocillopora acuta",6,362,40
"679","PACT-E3","34",-0.00999605263157875,"PACT-E3-34","Pocillopora acuta",6,362,40
"680","PACT-E3","492",-0.00532058018609725,"PACT-E3-492","Pocillopora acuta",6,362,40
"681","PACT-E3","638",-0.00393223931623938,"PACT-E3-638","Pocillopora acuta",6,362,40
"682","PACT-E3","948",-0.00395278225806461,"PACT-E3-948","Pocillopora acuta",6,362,40
"683","PACT-E4","0",-0.013089236453202,"PACT-E4-0","Pocillopora acuta",7,366,32
"684","PACT-E4","1048",0.012685655314758,"PACT-E4-1048","Pocillopora acuta",7,366,32
"685","PACT-E4","1192",0.0102128846153852,"PACT-E4-1192","Pocillopora acuta",7,366,32
"686","PACT-E4","121",-0.00552564102564101,"PACT-E4-121","Pocillopora acuta",7,366,32
"687","PACT-E4","1378",0.0109035714285709,"PACT-E4-1378","Pocillopora acuta",7,366,32
"688","PACT-E4","315",0.00456796992481187,"PACT-E4-315","Pocillopora acuta",7,366,32
"689","PACT-E4","34",-0.0102319347826092,"PACT-E4-34","Pocillopora acuta",7,366,32
"690","PACT-E4","492",0.00991572649572609,"PACT-E4-492","Pocillopora acuta",7,366,32
"691","PACT-E4","638",0.0130009073359072,"PACT-E4-638","Pocillopora acuta",7,366,32
"692","PACT-E4","948",0.0138197134387349,"PACT-E4-948","Pocillopora acuta",7,366,32
"693","PACT-F1","0",-0.00120680434782628,"PACT-F1-0","Pocillopora acuta",4,367,18
"694","PACT-F1","1048",0.00316552173913041,"PACT-F1-1048","Pocillopora acuta",4,367,18
"695","PACT-F1","1192",0.00263146724598935,"PACT-F1-1192","Pocillopora acuta",4,367,18
"696","PACT-F1","121",0.00351161654135341,"PACT-F1-121","Pocillopora acuta",4,367,18
"697","PACT-F1","1378",0.00239142156862747,"PACT-F1-1378","Pocillopora acuta",4,367,18
"698","PACT-F1","315",0.00486907814407814,"PACT-F1-315","Pocillopora acuta",4,367,18
"699","PACT-F1","34",8.04912478825127e-05,"PACT-F1-34","Pocillopora acuta",4,367,18
"700","PACT-F1","492",0.00505882514662742,"PACT-F1-492","Pocillopora acuta",4,367,18
"701","PACT-F1","638",0.00488220077220082,"PACT-F1-638","Pocillopora acuta",4,367,18
"702","PACT-F1","948",0.0040006340378198,"PACT-F1-948","Pocillopora acuta",4,367,18
"703","PACT-F2","0",-0.00250130200713903,"PACT-F2-0","Pocillopora acuta",2,370,28
"704","PACT-F2","1048",0.00733922125668449,"PACT-F2-1048","Pocillopora acuta",2,370,28
"705","PACT-F2","1192",0.00657205882352937,"PACT-F2-1192","Pocillopora acuta",2,370,28
"706","PACT-F2","121",0.000654857038123124,"PACT-F2-121","Pocillopora acuta",2,370,28
"707","PACT-F2","1378",0.00580857753357748,"PACT-F2-1378","Pocillopora acuta",2,370,28
"708","PACT-F2","315",0.00520490285923753,"PACT-F2-315","Pocillopora acuta",2,370,28
"709","PACT-F2","34",-0.00121852216748769,"PACT-F2-34","Pocillopora acuta",2,370,28
"710","PACT-F2","492",0.00725645161290305,"PACT-F2-492","Pocillopora acuta",2,370,28
"711","PACT-F2","638",0.00746656410256427,"PACT-F2-638","Pocillopora acuta",2,370,28
"712","PACT-F2","948",0.00840010989011043,"PACT-F2-948","Pocillopora acuta",2,370,28
"713","PACT-F3","0",-0.00752634615384633,"PACT-F3-0","Pocillopora acuta",5,370,40
"714","PACT-F3","1048",-0.00447527472527476,"PACT-F3-1048","Pocillopora acuta",5,370,40
"715","PACT-F3","1192",-0.0050610139860145,"PACT-F3-1192","Pocillopora acuta",5,370,40
"716","PACT-F3","121",-0.0030559359605911,"PACT-F3-121","Pocillopora acuta",5,370,40
"717","PACT-F3","1378",-0.00403304195804236,"PACT-F3-1378","Pocillopora acuta",5,370,40
"718","PACT-F3","315",-0.00295167338709685,"PACT-F3-315","Pocillopora acuta",5,370,40
"719","PACT-F3","34",-0.00466201334816458,"PACT-F3-34","Pocillopora acuta",5,370,40
"720","PACT-F3","492",-0.00245704433497532,"PACT-F3-492","Pocillopora acuta",5,370,40
"721","PACT-F3","638",-0.00298726495726507,"PACT-F3-638","Pocillopora acuta",5,370,40
"722","PACT-F3","948",-0.00394367647058823,"PACT-F3-948","Pocillopora acuta",5,370,40
"723","PACT-F4","0",-0.00550750988142264,"PACT-F4-0","Pocillopora acuta",7,366,32
"724","PACT-F4","1048",0.0040954171301446,"PACT-F4-1048","Pocillopora acuta",7,366,32
"725","PACT-F4","1192",0.00322200854700854,"PACT-F4-1192","Pocillopora acuta",7,366,32
"726","PACT-F4","121",-0.00312200328407205,"PACT-F4-121","Pocillopora acuta",7,366,32
"727","PACT-F4","1378",0.00531274703557326,"PACT-F4-1378","Pocillopora acuta",7,366,32
"728","PACT-F4","315",0.0016085811965812,"PACT-F4-315","Pocillopora acuta",7,366,32
"729","PACT-F4","34",-0.00345347593582905,"PACT-F4-34","Pocillopora acuta",7,366,32
"730","PACT-F4","492",0.00288577533577522,"PACT-F4-492","Pocillopora acuta",7,366,32
"731","PACT-F4","638",0.0053522905982905,"PACT-F4-638","Pocillopora acuta",7,366,32
"732","PACT-F4","948",0.00470476923076931,"PACT-F4-948","Pocillopora acuta",7,366,32
"733","PACT-G1","0",-0.00239573886639681,"PACT-G1-0","Pocillopora acuta",1,352,18
"734","PACT-G1","1048",0.0030117606837608,"PACT-G1-1048","Pocillopora acuta",1,352,18
"735","PACT-G1","1192",0.00313412280701754,"PACT-G1-1192","Pocillopora acuta",1,352,18
"736","PACT-G1","121",0.00152980519480543,"PACT-G1-121","Pocillopora acuta",1,352,18
"737","PACT-G1","1378",0.00282286535303801,"PACT-G1-1378","Pocillopora acuta",1,352,18
"738","PACT-G1","1409",0.00262924812030073,"PACT-G1-1409","Pocillopora acuta",1,352,18
"739","PACT-G1","315",0.00396365508365507,"PACT-G1-315","Pocillopora acuta",1,352,18
"740","PACT-G1","34",-0.000705628361649489,"PACT-G1-34","Pocillopora acuta",1,352,18
"741","PACT-G1","492",0.00420734148204735,"PACT-G1-492","Pocillopora acuta",1,352,18
"742","PACT-G1","638",0.00436642156862754,"PACT-G1-638","Pocillopora acuta",1,352,18
"743","PACT-G1","948",0.00378886956521737,"PACT-G1-948","Pocillopora acuta",1,352,18
"744","PACT-G2","0",-0.012563923076924,"PACT-G2-0","Pocillopora acuta",3,364,28
"745","PACT-G2","1048",0.00435714809384167,"PACT-G2-1048","Pocillopora acuta",3,364,28
"746","PACT-G2","1192",0.00419483622994664,"PACT-G2-1192","Pocillopora acuta",3,364,28
"747","PACT-G2","121",-0.00242258620689661,"PACT-G2-121","Pocillopora acuta",3,364,28
"748","PACT-G2","1378",0.00390824175824191,"PACT-G2-1378","Pocillopora acuta",3,364,28
"749","PACT-G2","315",0.00209767786561269,"PACT-G2-315","Pocillopora acuta",3,364,28
"750","PACT-G2","34",-0.00588071847507301,"PACT-G2-34","Pocillopora acuta",3,364,28
"751","PACT-G2","492",0.00346535409035423,"PACT-G2-492","Pocillopora acuta",3,364,28
"752","PACT-G2","638",0.00461771739130442,"PACT-G2-638","Pocillopora acuta",3,364,28
"753","PACT-G2","948",0.00509130434782584,"PACT-G2-948","Pocillopora acuta",3,364,28
"754","PACT-G3","0",-0.00992860294117645,"PACT-G3-0","Pocillopora acuta",5,370,40
"755","PACT-G3","1048",-0.00369324675324677,"PACT-G3-1048","Pocillopora acuta",5,370,40
"756","PACT-G3","1192",-0.00234338235294113,"PACT-G3-1192","Pocillopora acuta",5,370,40
"757","PACT-G3","121",-0.00435725563909769,"PACT-G3-121","Pocillopora acuta",5,370,40
"758","PACT-G3","1378",-0.00254639316239318,"PACT-G3-1378","Pocillopora acuta",5,370,40
"759","PACT-G3","315",-0.00229400000000025,"PACT-G3-315","Pocillopora acuta",5,370,40
"760","PACT-G3","34",-0.00579881773399006,"PACT-G3-34","Pocillopora acuta",5,370,40
"761","PACT-G3","492",-0.00204750000000009,"PACT-G3-492","Pocillopora acuta",5,370,40
"762","PACT-G3","638",-0.00324693627450985,"PACT-G3-638","Pocillopora acuta",5,370,40
"763","PACT-G3","948",-0.00321126482213442,"PACT-G3-948","Pocillopora acuta",5,370,40
"764","PACT-G4","0",-0.00647780788177333,"PACT-G4-0","Pocillopora acuta",8,368,32
"765","PACT-G4","1048",0.00431303571428536,"PACT-G4-1048","Pocillopora acuta",8,368,32
"766","PACT-G4","1192",0.00466240118577073,"PACT-G4-1192","Pocillopora acuta",8,368,32
"767","PACT-G4","121",-0.00293756521739162,"PACT-G4-121","Pocillopora acuta",8,368,32
"768","PACT-G4","1378",0.00337615384615447,"PACT-G4-1378","Pocillopora acuta",8,368,32
"769","PACT-G4","315",0.00154719298245603,"PACT-G4-315","Pocillopora acuta",8,368,32
"770","PACT-G4","34",-0.00554653804050349,"PACT-G4-34","Pocillopora acuta",8,368,32
"771","PACT-G4","492",0.00366037819799781,"PACT-G4-492","Pocillopora acuta",8,368,32
"772","PACT-G4","638",0.00392381781524912,"PACT-G4-638","Pocillopora acuta",8,368,32
"773","PACT-G4","948",0.0051053508771923,"PACT-G4-948","Pocillopora acuta",8,368,32
"774","PACT-H1","0",-0.00541465149359894,"PACT-H1-0","Pocillopora acuta",1,353,18
"775","PACT-H1","1048",0.0127091521739134,"PACT-H1-1048","Pocillopora acuta",1,353,18
"776","PACT-H1","1192",0.012185686053078,"PACT-H1-1192","Pocillopora acuta",1,353,18
"777","PACT-H1","121",0.00493612781954884,"PACT-H1-121","Pocillopora acuta",1,353,18
"778","PACT-H1","1378",0.0109956952169075,"PACT-H1-1378","Pocillopora acuta",1,353,18
"779","PACT-H1","1409",0.010758571428571,"PACT-H1-1409","Pocillopora acuta",1,353,18
"780","PACT-H1","315",0.0137857352941173,"PACT-H1-315","Pocillopora acuta",1,353,18
"781","PACT-H1","34",-0.00157225935828872,"PACT-H1-34","Pocillopora acuta",1,353,18
"782","PACT-H1","492",0.0143357843137255,"PACT-H1-492","Pocillopora acuta",1,353,18
"783","PACT-H1","638",0.0149380434782613,"PACT-H1-638","Pocillopora acuta",1,353,18
"784","PACT-H1","948",0.0137281048387101,"PACT-H1-948","Pocillopora acuta",1,353,18
"785","PACT-H2","0",-0.0214182146542835,"PACT-H2-0","Pocillopora acuta",3,362,28
"786","PACT-H2","1048",0.0105966495726497,"PACT-H2-1048","Pocillopora acuta",3,362,28
"787","PACT-H2","1192",0.0111388763410505,"PACT-H2-1192","Pocillopora acuta",3,362,28
"788","PACT-H2","121",-0.00425759803921557,"PACT-H2-121","Pocillopora acuta",3,362,28
"789","PACT-H2","1378",0.00713746130030949,"PACT-H2-1378","Pocillopora acuta",3,362,28
"790","PACT-H2","315",0.00307352941176463,"PACT-H2-315","Pocillopora acuta",3,362,28
"791","PACT-H2","34",-0.0111468631813123,"PACT-H2-34","Pocillopora acuta",3,362,28
"792","PACT-H2","492",0.00736201970443342,"PACT-H2-492","Pocillopora acuta",3,362,28
"793","PACT-H2","638",0.00981061217008759,"PACT-H2-638","Pocillopora acuta",3,362,28
"794","PACT-H2","948",0.0113419867235656,"PACT-H2-948","Pocillopora acuta",3,362,28
"795","PACT-H3","0",-0.0121867980295566,"PACT-H3-0","Pocillopora acuta",6,356,40
"796","PACT-H3","1048",-0.00226317733990154,"PACT-H3-1048","Pocillopora acuta",6,356,40
"797","PACT-H3","1192",-0.00475368421052624,"PACT-H3-1192","Pocillopora acuta",6,356,40
"798","PACT-H3","121",-0.00197512254901961,"PACT-H3-121","Pocillopora acuta",6,356,40
"799","PACT-H3","1378",-0.00423834782608719,"PACT-H3-1378","Pocillopora acuta",6,356,40
"800","PACT-H3","315",-0.00416541501976284,"PACT-H3-315","Pocillopora acuta",6,356,40
"801","PACT-H3","34",-0.0134866600790515,"PACT-H3-34","Pocillopora acuta",6,356,40
"802","PACT-H3","492",-0.00410289589442806,"PACT-H3-492","Pocillopora acuta",6,356,40
"803","PACT-H3","638",-0.00263315384615404,"PACT-H3-638","Pocillopora acuta",6,356,40
"804","PACT-H3","948",-0.00212303783173329,"PACT-H3-948","Pocillopora acuta",6,356,40
"805","PACT-H4","0",-0.012563819648094,"PACT-H4-0","Pocillopora acuta",7,368,32
"806","PACT-H4","1048",0.0131761086956522,"PACT-H4-1048","Pocillopora acuta",7,368,32
"807","PACT-H4","1192",0.0067736024844724,"PACT-H4-1192","Pocillopora acuta",7,368,32
"808","PACT-H4","121",-0.00456538461538461,"PACT-H4-121","Pocillopora acuta",7,368,32
"809","PACT-H4","1378",0.0113952205882352,"PACT-H4-1378","Pocillopora acuta",7,368,32
"810","PACT-H4","315",0.00461114551083571,"PACT-H4-315","Pocillopora acuta",7,368,32
"811","PACT-H4","34",-0.00985837662337627,"PACT-H4-34","Pocillopora acuta",7,368,32
"812","PACT-H4","492",0.00883683634373358,"PACT-H4-492","Pocillopora acuta",7,368,32
"813","PACT-H4","638",0.0111945320197046,"PACT-H4-638","Pocillopora acuta",7,368,32
"814","PACT-H4","948",0.0127247794117647,"PACT-H4-948","Pocillopora acuta",7,368,32
"815","PCOM-A1","0",-0.00429116568914937,"PCOM-A1-0","Porites compressa",1,372,18
"816","PCOM-A1","1048",0.0100260375494073,"PCOM-A1-1048","Porites compressa",1,372,18
"817","PCOM-A1","1192",0.00920726284585018,"PCOM-A1-1192","Porites compressa",1,372,18
"818","PCOM-A1","121",0.00262575187969939,"PCOM-A1-121","Porites compressa",1,372,18
"819","PCOM-A1","1378",0.00891151185770758,"PCOM-A1-1378","Porites compressa",1,372,18
"820","PCOM-A1","1409",0.00870835913312673,"PCOM-A1-1409","Porites compressa",1,372,18
"821","PCOM-A1","315",0.00763870129870152,"PCOM-A1-315","Porites compressa",1,372,18
"822","PCOM-A1","34",-0.00112382653061218,"PCOM-A1-34","Porites compressa",1,372,18
"823","PCOM-A1","492",0.00977192252981734,"PCOM-A1-492","Porites compressa",1,372,18
"824","PCOM-A1","638",0.0100540725806453,"PCOM-A1-638","Porites compressa",1,372,18
"825","PCOM-A1","948",0.0104655,"PCOM-A1-948","Porites compressa",1,372,18
"826","PCOM-A2","0",-0.00718541226386549,"PCOM-A2-0","Porites compressa",2,362,28
"827","PCOM-A2","1048",0.0241398864809081,"PCOM-A2-1048","Porites compressa",2,362,28
"828","PCOM-A2","1192",0.0244444017379682,"PCOM-A2-1192","Porites compressa",2,362,28
"829","PCOM-A2","121",-0.000527586206896484,"PCOM-A2-121","Porites compressa",2,362,28
"830","PCOM-A2","1378",0.0246807017543857,"PCOM-A2-1378","Porites compressa",2,362,28
"831","PCOM-A2","315",0.00848912280701722,"PCOM-A2-315","Porites compressa",2,362,28
"832","PCOM-A2","34",-0.0050575868983958,"PCOM-A2-34","Porites compressa",2,362,28
"833","PCOM-A2","492",0.0153257411067196,"PCOM-A2-492","Porites compressa",2,362,28
"834","PCOM-A2","638",0.0189408695652173,"PCOM-A2-638","Porites compressa",2,362,28
"835","PCOM-A2","948",0.0233976623376632,"PCOM-A2-948","Porites compressa",2,362,28
"836","PCOM-A3","0",-0.00805115995115999,"PCOM-A3-0","Porites compressa",5,358,40
"837","PCOM-A3","1048",-0.00470265384615409,"PCOM-A3-1048","Porites compressa",5,358,40
"838","PCOM-A3","1192",-0.00492711111111107,"PCOM-A3-1192","Porites compressa",5,358,40
"839","PCOM-A3","121",-0.00517688461538489,"PCOM-A3-121","Porites compressa",5,358,40
"840","PCOM-A3","1378",-0.00494484004127983,"PCOM-A3-1378","Porites compressa",5,358,40
"841","PCOM-A3","315",-0.00374880952380953,"PCOM-A3-315","Porites compressa",5,358,40
"842","PCOM-A3","34",-0.00634669117647074,"PCOM-A3-34","Porites compressa",5,358,40
"843","PCOM-A3","492",-0.0035724839124839,"PCOM-A3-492","Porites compressa",5,358,40
"844","PCOM-A3","638",-0.00402542155425208,"PCOM-A3-638","Porites compressa",5,358,40
"845","PCOM-A3","948",-0.00444623076923105,"PCOM-A3-948","Porites compressa",5,358,40
"846","PCOM-A4","0",-0.00905937499999987,"PCOM-A4-0","Porites compressa",8,364,32
"847","PCOM-A4","1048",0.0149351754385944,"PCOM-A4-1048","Porites compressa",8,364,32
"848","PCOM-A4","1192",0.0127941739130434,"PCOM-A4-1192","Porites compressa",8,364,32
"849","PCOM-A4","121",-0.00206970254010703,"PCOM-A4-121","Porites compressa",8,364,32
"850","PCOM-A4","1378",0.0126796442687737,"PCOM-A4-1378","Porites compressa",8,364,32
"851","PCOM-A4","315",0.00769756231671555,"PCOM-A4-315","Porites compressa",8,364,32
"852","PCOM-A4","34",-0.00670360683760673,"PCOM-A4-34","Porites compressa",8,364,32
"853","PCOM-A4","492",0.0122117826086962,"PCOM-A4-492","Porites compressa",8,364,32
"854","PCOM-A4","638",0.0140996031746032,"PCOM-A4-638","Porites compressa",8,364,32
"855","PCOM-A4","948",0.0141464460784312,"PCOM-A4-948","Porites compressa",8,364,32
"856","PCOM-B1","0",-0.00559909943714826,"PCOM-B1-0","Porites compressa",1,370,18
"857","PCOM-B1","1048",0.0108476470588234,"PCOM-B1-1048","Porites compressa",1,370,18
"858","PCOM-B1","1192",0.00985531475748221,"PCOM-B1-1192","Porites compressa",1,370,18
"859","PCOM-B1","121",-0.000770779220779121,"PCOM-B1-121","Porites compressa",1,370,18
"860","PCOM-B1","1378",0.0125399083269668,"PCOM-B1-1378","Porites compressa",1,370,18
"861","PCOM-B1","1409",0.0135866666666672,"PCOM-B1-1409","Porites compressa",1,370,18
"862","PCOM-B1","315",0.00310108100711545,"PCOM-B1-315","Porites compressa",1,370,18
"863","PCOM-B1","34",-0.00338585834896809,"PCOM-B1-34","Porites compressa",1,370,18
"864","PCOM-B1","492",0.00669948051948029,"PCOM-B1-492","Porites compressa",1,370,18
"865","PCOM-B1","638",0.00701815789473701,"PCOM-B1-638","Porites compressa",1,370,18
"866","PCOM-B1","948",0.00859831168831167,"PCOM-B1-948","Porites compressa",1,370,18
"867","PCOM-B2","0",-0.00778814229249038,"PCOM-B2-0","Porites compressa",2,370,28
"868","PCOM-B2","1048",0.0232637845849803,"PCOM-B2-1048","Porites compressa",2,370,28
"869","PCOM-B2","1192",0.0248283766233763,"PCOM-B2-1192","Porites compressa",2,370,28
"870","PCOM-B2","121",-0.000835413533834575,"PCOM-B2-121","Porites compressa",2,370,28
"871","PCOM-B2","1378",0.0243580000000001,"PCOM-B2-1378","Porites compressa",2,370,28
"872","PCOM-B2","315",0.00959659340659362,"PCOM-B2-315","Porites compressa",2,370,28
"873","PCOM-B2","34",-0.00515165739710783,"PCOM-B2-34","Porites compressa",2,370,28
"874","PCOM-B2","492",0.0169062937062954,"PCOM-B2-492","Porites compressa",2,370,28
"875","PCOM-B2","638",0.017658020022247,"PCOM-B2-638","Porites compressa",2,370,28
"876","PCOM-B2","948",0.0219130546955627,"PCOM-B2-948","Porites compressa",2,370,28
"877","PCOM-B3","0",-0.0112708823529412,"PCOM-B3-0","Porites compressa",6,359,40
"878","PCOM-B3","1048",-0.00284041827541825,"PCOM-B3-1048","Porites compressa",6,359,40
"879","PCOM-B3","1192",-0.00362703877005358,"PCOM-B3-1192","Porites compressa",6,359,40
"880","PCOM-B3","121",-0.00308938120702819,"PCOM-B3-121","Porites compressa",6,359,40
"881","PCOM-B3","1378",-0.00309419117647047,"PCOM-B3-1378","Porites compressa",6,359,40
"882","PCOM-B3","315",-0.00433423931623938,"PCOM-B3-315","Porites compressa",6,359,40
"883","PCOM-B3","34",-0.0107542157953281,"PCOM-B3-34","Porites compressa",6,359,40
"884","PCOM-B3","492",-0.00304318181818163,"PCOM-B3-492","Porites compressa",6,359,40
"885","PCOM-B3","638",-0.00278229548229541,"PCOM-B3-638","Porites compressa",6,359,40
"886","PCOM-B3","948",-0.00265963709677417,"PCOM-B3-948","Porites compressa",6,359,40
"887","PCOM-B4","0",-0.0163075384615398,"PCOM-B4-0","Porites compressa",8,355,32
"888","PCOM-B4","1048",0.0277486495726499,"PCOM-B4-1048","Porites compressa",8,355,32
"889","PCOM-B4","1192",0.0276267156862746,"PCOM-B4-1192","Porites compressa",8,355,32
"890","PCOM-B4","121",-0.00289243842364534,"PCOM-B4-121","Porites compressa",8,355,32
"891","PCOM-B4","1378",0.0229405985319015,"PCOM-B4-1378","Porites compressa",8,355,32
"892","PCOM-B4","315",0.0166672794117649,"PCOM-B4-315","Porites compressa",8,355,32
"893","PCOM-B4","34",-0.012090500000001,"PCOM-B4-34","Porites compressa",8,355,32
"894","PCOM-B4","492",0.0284556465273853,"PCOM-B4-492","Porites compressa",8,355,32
"895","PCOM-B4","638",0.0325108784893267,"PCOM-B4-638","Porites compressa",8,355,32
"896","PCOM-B4","948",0.0347814285714238,"PCOM-B4-948","Porites compressa",8,355,32
"897","PCOM-C1","0",-0.00346937890633769,"PCOM-C1-0","Porites compressa",1,342,18
"898","PCOM-C1","1048",0.0115511196524062,"PCOM-C1-1048","Porites compressa",1,342,18
"899","PCOM-C1","1192",0.0109924025974028,"PCOM-C1-1192","Porites compressa",1,342,18
"900","PCOM-C1","121",0.00125917948717949,"PCOM-C1-121","Porites compressa",1,342,18
"901","PCOM-C1","1378",0.0109888209121247,"PCOM-C1-1378","Porites compressa",1,342,18
"902","PCOM-C1","1409",0.0108505194805191,"PCOM-C1-1409","Porites compressa",1,342,18
"903","PCOM-C1","315",0.00543416803503018,"PCOM-C1-315","Porites compressa",1,342,18
"904","PCOM-C1","34",-0.00239450980392144,"PCOM-C1-34","Porites compressa",1,342,18
"905","PCOM-C1","492",0.00907071428571432,"PCOM-C1-492","Porites compressa",1,342,18
"906","PCOM-C1","638",0.0108728379857693,"PCOM-C1-638","Porites compressa",1,342,18
"907","PCOM-C1","948",0.011914624505929,"PCOM-C1-948","Porites compressa",1,342,18
"908","PCOM-C2","0",-0.00828640811978811,"PCOM-C2-0","Porites compressa",2,362,28
"909","PCOM-C2","1048",0.0301228195488718,"PCOM-C2-1048","Porites compressa",2,362,28
"910","PCOM-C2","1192",0.0302258695652179,"PCOM-C2-1192","Porites compressa",2,362,28
"911","PCOM-C2","121",0.000901451612903239,"PCOM-C2-121","Porites compressa",2,362,28
"912","PCOM-C2","1378",0.0272028571428568,"PCOM-C2-1378","Porites compressa",2,362,28
"913","PCOM-C2","315",0.0130091353383456,"PCOM-C2-315","Porites compressa",2,362,28
"914","PCOM-C2","34",-0.00488756157635469,"PCOM-C2-34","Porites compressa",2,362,28
"915","PCOM-C2","492",0.0204220341880345,"PCOM-C2-492","Porites compressa",2,362,28
"916","PCOM-C2","638",0.0250529131652661,"PCOM-C2-638","Porites compressa",2,362,28
"917","PCOM-C2","948",0.0283746304347828,"PCOM-C2-948","Porites compressa",2,362,28
"918","PCOM-C3","0",-0.0110897058823529,"PCOM-C3-0","Porites compressa",6,353,40
"919","PCOM-C3","1048",-0.00414979946524084,"PCOM-C3-1048","Porites compressa",6,353,40
"920","PCOM-C3","1192",-0.00459195564516123,"PCOM-C3-1192","Porites compressa",6,353,40
"921","PCOM-C3","121",-0.00404305477131585,"PCOM-C3-121","Porites compressa",6,353,40
"922","PCOM-C3","1378",-0.00572357142857101,"PCOM-C3-1378","Porites compressa",6,353,40
"923","PCOM-C3","315",-0.00453493431855511,"PCOM-C3-315","Porites compressa",6,353,40
"924","PCOM-C3","34",-0.0103696572580645,"PCOM-C3-34","Porites compressa",6,353,40
"925","PCOM-C3","492",-0.00464449463579885,"PCOM-C3-492","Porites compressa",6,353,40
"926","PCOM-C3","638",-0.0038151098901099,"PCOM-C3-638","Porites compressa",6,353,40
"927","PCOM-C3","948",-0.00342937876299926,"PCOM-C3-948","Porites compressa",6,353,40
"928","PCOM-C4","0",-0.0123133258046296,"PCOM-C4-0","Porites compressa",8,360,32
"929","PCOM-C4","1048",0.0196841073271424,"PCOM-C4-1048","Porites compressa",8,360,32
"930","PCOM-C4","1192",0.017767524509805,"PCOM-C4-1192","Porites compressa",8,360,32
"931","PCOM-C4","121",-0.00652109279609281,"PCOM-C4-121","Porites compressa",8,360,32
"932","PCOM-C4","1378",0.0160800677583272,"PCOM-C4-1378","Porites compressa",8,360,32
"933","PCOM-C4","315",0.00367456140350882,"PCOM-C4-315","Porites compressa",8,360,32
"934","PCOM-C4","34",-0.011077857142857,"PCOM-C4-34","Porites compressa",8,360,32
"935","PCOM-C4","492",0.0121656923076935,"PCOM-C4-492","Porites compressa",8,360,32
"936","PCOM-C4","638",0.0162582467532473,"PCOM-C4-638","Porites compressa",8,360,32
"937","PCOM-C4","948",0.0207583461538482,"PCOM-C4-948","Porites compressa",8,360,32
"938","PCOM-D1","0",-0.00544462406015008,"PCOM-D1-0","Porites compressa",4,368,18
"939","PCOM-D1","1048",0.00715260869565245,"PCOM-D1-1048","Porites compressa",4,368,18
"940","PCOM-D1","1192",0.00880896551724159,"PCOM-D1-1192","Porites compressa",4,368,18
"941","PCOM-D1","121",0.00319924740010948,"PCOM-D1-121","Porites compressa",4,368,18
"942","PCOM-D1","1378",0.00789340659340613,"PCOM-D1-1378","Porites compressa",4,368,18
"943","PCOM-D1","315",0.00589142307692353,"PCOM-D1-315","Porites compressa",4,368,18
"944","PCOM-D1","34",-0.000677519762845868,"PCOM-D1-34","Porites compressa",4,368,18
"945","PCOM-D1","492",0.00707458695652175,"PCOM-D1-492","Porites compressa",4,368,18
"946","PCOM-D1","638",0.00787477591036408,"PCOM-D1-638","Porites compressa",4,368,18
"947","PCOM-D1","948",0.00744783251231541,"PCOM-D1-948","Porites compressa",4,368,18
"948","PCOM-D2","0",-0.0040503676470588,"PCOM-D2-0","Porites compressa",2,362,28
"949","PCOM-D2","1048",0.0165608441558443,"PCOM-D2-1048","Porites compressa",2,362,28
"950","PCOM-D2","1192",0.0159237931034483,"PCOM-D2-1192","Porites compressa",2,362,28
"951","PCOM-D2","121",0.00135560150375952,"PCOM-D2-121","Porites compressa",2,362,28
"952","PCOM-D2","1378",0.0150368083003953,"PCOM-D2-1378","Porites compressa",2,362,28
"953","PCOM-D2","315",0.00833312030075175,"PCOM-D2-315","Porites compressa",2,362,28
"954","PCOM-D2","34",-0.00263058608058609,"PCOM-D2-34","Porites compressa",2,362,28
"955","PCOM-D2","492",0.0115093103448276,"PCOM-D2-492","Porites compressa",2,362,28
"956","PCOM-D2","638",0.0132247035573125,"PCOM-D2-638","Porites compressa",2,362,28
"957","PCOM-D2","948",0.0159086090225562,"PCOM-D2-948","Porites compressa",2,362,28
"958","PCOM-D3","0",-0.00971714529914534,"PCOM-D3-0","Porites compressa",5,366,40
"959","PCOM-D3","1048",-0.00543281733746143,"PCOM-D3-1048","Porites compressa",5,366,40
"960","PCOM-D3","1192",-0.00454165811965805,"PCOM-D3-1192","Porites compressa",5,366,40
"961","PCOM-D3","121",-0.00474971739130449,"PCOM-D3-121","Porites compressa",5,366,40
"962","PCOM-D3","1378",-0.00429642857142861,"PCOM-D3-1378","Porites compressa",5,366,40
"963","PCOM-D3","315",-0.00372665160926023,"PCOM-D3-315","Porites compressa",5,366,40
"964","PCOM-D3","34",-0.0067986798128343,"PCOM-D3-34","Porites compressa",5,366,40
"965","PCOM-D3","492",-0.00366178266178278,"PCOM-D3-492","Porites compressa",5,366,40
"966","PCOM-D3","638",-0.00475736842105266,"PCOM-D3-638","Porites compressa",5,366,40
"967","PCOM-D3","948",-0.00540790513834005,"PCOM-D3-948","Porites compressa",5,366,40
"968","PCOM-D4","0",-0.0112664112903228,"PCOM-D4-0","Porites compressa",7,361,32
"969","PCOM-D4","1048",0.0157036713286717,"PCOM-D4-1048","Porites compressa",7,361,32
"970","PCOM-D4","1192",0.0119958992094862,"PCOM-D4-1192","Porites compressa",7,361,32
"971","PCOM-D4","121",-0.00460711462450608,"PCOM-D4-121","Porites compressa",7,361,32
"972","PCOM-D4","1378",0.0129524475524463,"PCOM-D4-1378","Porites compressa",7,361,32
"973","PCOM-D4","315",0.00595199507389172,"PCOM-D4-315","Porites compressa",7,361,32
"974","PCOM-D4","34",-0.00908692307692385,"PCOM-D4-34","Porites compressa",7,361,32
"975","PCOM-D4","492",0.011361818181818,"PCOM-D4-492","Porites compressa",7,361,32
"976","PCOM-D4","638",0.0164362513904335,"PCOM-D4-638","Porites compressa",7,361,32
"977","PCOM-D4","948",0.018580565217392,"PCOM-D4-948","Porites compressa",7,361,32
"978","PCOM-E1","0",-0.00647122983870978,"PCOM-E1-0","Porites compressa",1,355,18
"979","PCOM-E1","1048",0.0162375000000011,"PCOM-E1-1048","Porites compressa",1,355,18
"980","PCOM-E1","1192",0.0158130952380952,"PCOM-E1-1192","Porites compressa",1,355,18
"981","PCOM-E1","121",0.00496338226990385,"PCOM-E1-121","Porites compressa",1,355,18
"982","PCOM-E1","1378",0.0150832887700535,"PCOM-E1-1378","Porites compressa",1,355,18
"983","PCOM-E1","1409",0.014269210526315,"PCOM-E1-1409","Porites compressa",1,355,18
"984","PCOM-E1","315",0.0135994188034183,"PCOM-E1-315","Porites compressa",1,355,18
"985","PCOM-E1","34",-0.00143909071014347,"PCOM-E1-34","Porites compressa",1,355,18
"986","PCOM-E1","492",0.0171579656862741,"PCOM-E1-492","Porites compressa",1,355,18
"987","PCOM-E1","638",0.0185578461538474,"PCOM-E1-638","Porites compressa",1,355,18
"988","PCOM-E1","948",0.017732298136645,"PCOM-E1-948","Porites compressa",1,355,18
"989","PCOM-E2","0",-0.00386832991286625,"PCOM-E2-0","Porites compressa",2,369,28
"990","PCOM-E2","1048",0.0158140207219253,"PCOM-E2-1048","Porites compressa",2,369,28
"991","PCOM-E2","1192",0.0157081409344568,"PCOM-E2-1192","Porites compressa",2,369,28
"992","PCOM-E2","121",0.000235164835164876,"PCOM-E2-121","Porites compressa",2,369,28
"993","PCOM-E2","1378",0.0165386538461549,"PCOM-E2-1378","Porites compressa",2,369,28
"994","PCOM-E2","315",0.00640456140350858,"PCOM-E2-315","Porites compressa",2,369,28
"995","PCOM-E2","34",-0.00284765384615399,"PCOM-E2-34","Porites compressa",2,369,28
"996","PCOM-E2","492",0.0100708791208794,"PCOM-E2-492","Porites compressa",2,369,28
"997","PCOM-E2","638",0.0127526612903226,"PCOM-E2-638","Porites compressa",2,369,28
"998","PCOM-E2","948",0.0151736945812811,"PCOM-E2-948","Porites compressa",2,369,28
"999","PCOM-E3","0",-0.00776391452991448,"PCOM-E3-0","Porites compressa",5,370,40
"1000","PCOM-E3","1048",-0.00466097826086976,"PCOM-E3-1048","Porites compressa",5,370,40
"1001","PCOM-E3","1192",-0.00307601258894354,"PCOM-E3-1192","Porites compressa",5,370,40
"1002","PCOM-E3","121",-0.00381017570664627,"PCOM-E3-121","Porites compressa",5,370,40
"1003","PCOM-E3","1378",-0.00304330886504803,"PCOM-E3-1378","Porites compressa",5,370,40
"1004","PCOM-E3","315",-0.00278909090909101,"PCOM-E3-315","Porites compressa",5,370,40
"1005","PCOM-E3","34",-0.00367219780219819,"PCOM-E3-34","Porites compressa",5,370,40
"1006","PCOM-E3","492",-0.00309146341463412,"PCOM-E3-492","Porites compressa",5,370,40
"1007","PCOM-E3","638",-0.002562,"PCOM-E3-638","Porites compressa",5,370,40
"1008","PCOM-E3","948",-0.00348954887218042,"PCOM-E3-948","Porites compressa",5,370,40
"1009","PCOM-E4","0",-0.00490563765736177,"PCOM-E4-0","Porites compressa",8,364,32
"1010","PCOM-E4","1048",0.00472570175438548,"PCOM-E4-1048","Porites compressa",8,364,32
"1011","PCOM-E4","1192",0.000876748251747878,"PCOM-E4-1192","Porites compressa",8,364,32
"1012","PCOM-E4","121",-0.00317169076751936,"PCOM-E4-121","Porites compressa",8,364,32
"1013","PCOM-E4","1378",0.00548580586080577,"PCOM-E4-1378","Porites compressa",8,364,32
"1014","PCOM-E4","315",0.000727781954887254,"PCOM-E4-315","Porites compressa",8,364,32
"1015","PCOM-E4","34",-0.00488836996336999,"PCOM-E4-34","Porites compressa",8,364,32
"1016","PCOM-E4","492",0.00519956043956043,"PCOM-E4-492","Porites compressa",8,364,32
"1017","PCOM-E4","638",0.00603760869565207,"PCOM-E4-638","Porites compressa",8,364,32
"1018","PCOM-E4","948",0.006616935483871,"PCOM-E4-948","Porites compressa",8,364,32
"1019","PCOM-F1","0",-0.00224552631578932,"PCOM-F1-0","Porites compressa",4,366,18
"1020","PCOM-F1","1048",0.00508675194660733,"PCOM-F1-1048","Porites compressa",4,366,18
"1021","PCOM-F1","1192",0.00456937356760887,"PCOM-F1-1192","Porites compressa",4,366,18
"1022","PCOM-F1","121",0.00334788461538501,"PCOM-F1-121","Porites compressa",4,366,18
"1023","PCOM-F1","1378",0.00415024509803931,"PCOM-F1-1378","Porites compressa",4,366,18
"1024","PCOM-F1","315",0.00566966165413535,"PCOM-F1-315","Porites compressa",4,366,18
"1025","PCOM-F1","34",-0.000110000000000019,"PCOM-F1-34","Porites compressa",4,366,18
"1026","PCOM-F1","492",0.00643356854838698,"PCOM-F1-492","Porites compressa",4,366,18
"1027","PCOM-F1","638",0.00568511538461582,"PCOM-F1-638","Porites compressa",4,366,18
"1028","PCOM-F1","948",0.00553592796092788,"PCOM-F1-948","Porites compressa",4,366,18
"1029","PCOM-F2","0",-0.0210390000000016,"PCOM-F2-0","Porites compressa",3,357,28
"1030","PCOM-F2","1048",0.0145384362934364,"PCOM-F2-1048","Porites compressa",3,357,28
"1031","PCOM-F2","1192",0.0149000000000002,"PCOM-F2-1192","Porites compressa",3,357,28
"1032","PCOM-F2","121",-0.00439642307692353,"PCOM-F2-121","Porites compressa",3,357,28
"1033","PCOM-F2","1378",0.0109291666666668,"PCOM-F2-1378","Porites compressa",3,357,28
"1034","PCOM-F2","315",0.00507769230769263,"PCOM-F2-315","Porites compressa",3,357,28
"1035","PCOM-F2","34",-0.0115366733870967,"PCOM-F2-34","Porites compressa",3,357,28
"1036","PCOM-F2","492",0.0112828627893839,"PCOM-F2-492","Porites compressa",3,357,28
"1037","PCOM-F2","638",0.0123726470588235,"PCOM-F2-638","Porites compressa",3,357,28
"1038","PCOM-F2","948",0.015536222222222,"PCOM-F2-948","Porites compressa",3,357,28
"1039","PCOM-F3","0",-0.0107849816849814,"PCOM-F3-0","Porites compressa",6,366,40
"1040","PCOM-F3","1048",-0.00246673508483861,"PCOM-F3-1048","Porites compressa",6,366,40
"1041","PCOM-F3","1192",-0.00311099071207434,"PCOM-F3-1192","Porites compressa",6,366,40
"1042","PCOM-F3","121",-0.00408571428571452,"PCOM-F3-121","Porites compressa",6,366,40
"1043","PCOM-F3","1378",-0.00389111721611725,"PCOM-F3-1378","Porites compressa",6,366,40
"1044","PCOM-F3","315",-0.0047259989053093,"PCOM-F3-315","Porites compressa",6,366,40
"1045","PCOM-F3","34",-0.0117173529411764,"PCOM-F3-34","Porites compressa",6,366,40
"1046","PCOM-F3","492",-0.00458654135338323,"PCOM-F3-492","Porites compressa",6,366,40
"1047","PCOM-F3","638",-0.00297525740025733,"PCOM-F3-638","Porites compressa",6,366,40
"1048","PCOM-F3","948",-0.0027429802955664,"PCOM-F3-948","Porites compressa",6,366,40
"1049","PCOM-F4","0",-0.00963768631813118,"PCOM-F4-0","Porites compressa",7,360,32
"1050","PCOM-F4","1048",0.00899430434782621,"PCOM-F4-1048","Porites compressa",7,360,32
"1051","PCOM-F4","1192",0.00976383753501386,"PCOM-F4-1192","Porites compressa",7,360,32
"1052","PCOM-F4","121",-0.0054396390374332,"PCOM-F4-121","Porites compressa",7,360,32
"1053","PCOM-F4","1378",0.00914407114624488,"PCOM-F4-1378","Porites compressa",7,360,32
"1054","PCOM-F4","315",0.00178735810113519,"PCOM-F4-315","Porites compressa",7,360,32
"1055","PCOM-F4","34",-0.00743031135531126,"PCOM-F4-34","Porites compressa",7,360,32
"1056","PCOM-F4","492",0.00616370573870562,"PCOM-F4-492","Porites compressa",7,360,32
"1057","PCOM-F4","638",0.0085537192118227,"PCOM-F4-638","Porites compressa",7,360,32
"1058","PCOM-F4","948",0.0117719799777531,"PCOM-F4-948","Porites compressa",7,360,32
"1059","PCOM-G1","0",-0.00537778486022308,"PCOM-G1-0","Porites compressa",1,344,18
"1060","PCOM-G1","1048",0.0144544354838706,"PCOM-G1-1048","Porites compressa",1,344,18
"1061","PCOM-G1","1192",0.0153050699300712,"PCOM-G1-1192","Porites compressa",1,344,18
"1062","PCOM-G1","121",0.00181904761904797,"PCOM-G1-121","Porites compressa",1,344,18
"1063","PCOM-G1","1378",0.0153847259358291,"PCOM-G1-1378","Porites compressa",1,344,18
"1064","PCOM-G1","1409",0.0139354411764706,"PCOM-G1-1409","Porites compressa",1,344,18
"1065","PCOM-G1","315",0.00702794117647062,"PCOM-G1-315","Porites compressa",1,344,18
"1066","PCOM-G1","34",-0.00317128740824374,"PCOM-G1-34","Porites compressa",1,344,18
"1067","PCOM-G1","492",0.0123841092375372,"PCOM-G1-492","Porites compressa",1,344,18
"1068","PCOM-G1","638",0.0130492826086962,"PCOM-G1-638","Porites compressa",1,344,18
"1069","PCOM-G1","948",0.0138849999999993,"PCOM-G1-948","Porites compressa",1,344,18
"1070","PCOM-G2","0",-0.00756521369731478,"PCOM-G2-0","Porites compressa",2,371,28
"1071","PCOM-G2","1048",0.0224055053642007,"PCOM-G2-1048","Porites compressa",2,371,28
"1072","PCOM-G2","1192",0.0216662848240473,"PCOM-G2-1192","Porites compressa",2,371,28
"1073","PCOM-G2","121",-0.00124506048387092,"PCOM-G2-121","Porites compressa",2,371,28
"1074","PCOM-G2","1378",0.0232059090909098,"PCOM-G2-1378","Porites compressa",2,371,28
"1075","PCOM-G2","315",0.00671246753246738,"PCOM-G2-315","Porites compressa",2,371,28
"1076","PCOM-G2","34",-0.00478141025641029,"PCOM-G2-34","Porites compressa",2,371,28
"1077","PCOM-G2","492",0.0130816304347827,"PCOM-G2-492","Porites compressa",2,371,28
"1078","PCOM-G2","638",0.0167650197628459,"PCOM-G2-638","Porites compressa",2,371,28
"1079","PCOM-G2","948",0.0204710043988269,"PCOM-G2-948","Porites compressa",2,371,28
"1080","PCOM-G3","0",-0.00669792338709686,"PCOM-G3-0","Porites compressa",6,358,40
"1081","PCOM-G3","1048",-0.00221865217391315,"PCOM-G3-1048","Porites compressa",6,358,40
"1082","PCOM-G3","1192",-0.00324000000000029,"PCOM-G3-1192","Porites compressa",6,358,40
"1083","PCOM-G3","121",-0.00140896153846171,"PCOM-G3-121","Porites compressa",6,358,40
"1084","PCOM-G3","1378",-0.00350269607843134,"PCOM-G3-1378","Porites compressa",6,358,40
"1085","PCOM-G3","315",-0.00330710227272716,"PCOM-G3-315","Porites compressa",6,358,40
"1086","PCOM-G3","34",-0.00528073338426269,"PCOM-G3-34","Porites compressa",6,358,40
"1087","PCOM-G3","492",-0.00356026086956543,"PCOM-G3-492","Porites compressa",6,358,40
"1088","PCOM-G3","638",-0.00210235042735039,"PCOM-G3-638","Porites compressa",6,358,40
"1089","PCOM-G3","948",-0.00242042338709678,"PCOM-G3-948","Porites compressa",6,358,40
"1090","PCOM-G4","0",-0.00724797794117687,"PCOM-G4-0","Porites compressa",7,361,32
"1091","PCOM-G4","1048",0.00972786860198619,"PCOM-G4-1048","Porites compressa",7,361,32
"1092","PCOM-G4","1192",0.00935963585434187,"PCOM-G4-1192","Porites compressa",7,361,32
"1093","PCOM-G4","121",-0.00428796153846206,"PCOM-G4-121","Porites compressa",7,361,32
"1094","PCOM-G4","1378",0.00765306372549006,"PCOM-G4-1378","Porites compressa",7,361,32
"1095","PCOM-G4","315",0.00110292338709671,"PCOM-G4-315","Porites compressa",7,361,32
"1096","PCOM-G4","34",-0.00538977832512317,"PCOM-G4-34","Porites compressa",7,361,32
"1097","PCOM-G4","492",0.0053039819376027,"PCOM-G4-492","Porites compressa",7,361,32
"1098","PCOM-G4","638",0.00846719565217383,"PCOM-G4-638","Porites compressa",7,361,32
"1099","PCOM-G4","948",0.0109620743034058,"PCOM-G4-948","Porites compressa",7,361,32
"1100","PCOM-H1","0",-0.00250084415584422,"PCOM-H1-0","Porites compressa",1,344,18
"1101","PCOM-H1","1048",0.00901540777230473,"PCOM-H1-1048","Porites compressa",1,344,18
"1102","PCOM-H1","1192",0.00906895161290337,"PCOM-H1-1192","Porites compressa",1,344,18
"1103","PCOM-H1","121",0.000206715506715327,"PCOM-H1-121","Porites compressa",1,344,18
"1104","PCOM-H1","1378",0.0086743937708564,"PCOM-H1-1378","Porites compressa",1,344,18
"1105","PCOM-H1","1409",0.00863053571428536,"PCOM-H1-1409","Porites compressa",1,344,18
"1106","PCOM-H1","315",0.00412729323308263,"PCOM-H1-315","Porites compressa",1,344,18
"1107","PCOM-H1","34",-0.00169754344919789,"PCOM-H1-34","Porites compressa",1,344,18
"1108","PCOM-H1","492",0.00634419904692084,"PCOM-H1-492","Porites compressa",1,344,18
"1109","PCOM-H1","638",0.00789804639804657,"PCOM-H1-638","Porites compressa",1,344,18
"1110","PCOM-H1","948",0.00944855521155851,"PCOM-H1-948","Porites compressa",1,344,18
"1111","PCOM-H2","0",-0.0112719642857138,"PCOM-H2-0","Porites compressa",3,373,28
"1112","PCOM-H2","1048",0.013299890029325,"PCOM-H2-1048","Porites compressa",3,373,28
"1113","PCOM-H2","1192",0.0127305829228243,"PCOM-H2-1192","Porites compressa",3,373,28
"1114","PCOM-H2","121",-0.00236156417112298,"PCOM-H2-121","Porites compressa",3,373,28
"1115","PCOM-H2","1378",0.0128150751879702,"PCOM-H2-1378","Porites compressa",3,373,28
"1116","PCOM-H2","315",0.00376051948051928,"PCOM-H2-315","Porites compressa",3,373,28
"1117","PCOM-H2","34",-0.00613262032085572,"PCOM-H2-34","Porites compressa",3,373,28
"1118","PCOM-H2","492",0.00758586206896557,"PCOM-H2-492","Porites compressa",3,373,28
"1119","PCOM-H2","638",0.010068125,"PCOM-H2-638","Porites compressa",3,373,28
"1120","PCOM-H2","948",0.012288683760684,"PCOM-H2-948","Porites compressa",3,373,28
"1121","PCOM-H3","0",-0.00573292338709683,"PCOM-H3-0","Porites compressa",5,361,40
"1122","PCOM-H3","1048",-0.00313694805194811,"PCOM-H3-1048","Porites compressa",5,361,40
"1123","PCOM-H3","1192",-0.00279623152709365,"PCOM-H3-1192","Porites compressa",5,361,40
"1124","PCOM-H3","121",-0.00343912280701729,"PCOM-H3-121","Porites compressa",5,361,40
"1125","PCOM-H3","1378",-0.00211593162393165,"PCOM-H3-1378","Porites compressa",5,361,40
"1126","PCOM-H3","315",-0.000902573529411705,"PCOM-H3-315","Porites compressa",5,361,40
"1127","PCOM-H3","34",-0.00381905702992649,"PCOM-H3-34","Porites compressa",5,361,40
"1128","PCOM-H3","492",-0.00150989304812828,"PCOM-H3-492","Porites compressa",5,361,40
"1129","PCOM-H3","638",-0.0018182658517952,"PCOM-H3-638","Porites compressa",5,361,40
"1130","PCOM-H3","948",-0.0032705278592375,"PCOM-H3-948","Porites compressa",5,361,40
"1131","PCOM-H4","0",-0.010401404151404,"PCOM-H4-0","Porites compressa",7,364,32
"1132","PCOM-H4","1048",0.00730381562881542,"PCOM-H4-1048","Porites compressa",7,364,32
"1133","PCOM-H4","1192",0.00907896056149724,"PCOM-H4-1192","Porites compressa",7,364,32
"1134","PCOM-H4","121",-0.00478357843137223,"PCOM-H4-121","Porites compressa",7,364,32
"1135","PCOM-H4","1378",0.00846173913043514,"PCOM-H4-1378","Porites compressa",7,364,32
"1136","PCOM-H4","315",-0.00156001031991751,"PCOM-H4-315","Porites compressa",7,364,32
"1137","PCOM-H4","34",-0.00429921367521375,"PCOM-H4-34","Porites compressa",7,364,32
"1138","PCOM-H4","492",0.00166654351395746,"PCOM-H4-492","Porites compressa",7,364,32
"1139","PCOM-H4","638",0.00570538461538475,"PCOM-H4-638","Porites compressa",7,364,32
"1140","PCOM-H4","948",0.00749517952635592,"PCOM-H4-948","Porites compressa",7,364,32
